Datetime,Open,High,Low,Close,Volume,Dividends,Stock Splits,Symbol
2025-11-12 09:15:00+05:30,335.0,341.1000061035156,335.0,336.5,0,0.0,0.0,TMCV.NS
2025-11-12 10:15:00+05:30,336.04998779296875,336.29998779296875,323.1000061035156,329.5,6744003,0.0,0.0,TMCV.NS
2025-11-12 11:15:00+05:30,328.70001220703125,329.5,325.5,326.3999938964844,2614786,0.0,0.0,TMCV.NS
2025-11-12 12:15:00+05:30,326.6499938964844,327.0,320.45001220703125,325.0,3408942,0.0,0.0,TMCV.NS
2025-11-12 13:15:00+05:30,324.54998779296875,325.8500061035156,320.0,320.1000061035156,2436541,0.0,0.0,TMCV.NS
2025-11-12 14:15:00+05:30,320.25,330.29998779296875,320.0,330.0,4469686,0.0,0.0,TMCV.NS
2025-11-12 15:15:00+05:30,330.04998779296875,330.29998779296875,329.0,330.0,1991316,0.0,0.0,TMCV.NS
2025-11-13 09:15:00+05:30,317.0,322.6000061035156,316.5,321.8999938964844,0,0.0,0.0,TMCV.NS
2025-11-13 10:15:00+05:30,321.95001220703125,325.0,320.1000061035156,325.0,1458994,0.0,0.0,TMCV.NS
2025-11-13 11:15:00+05:30,325.0,325.5,320.29998779296875,325.0,1187130,0.0,0.0,TMCV.NS
2025-11-13 12:15:00+05:30,325.5,325.5,324.8999938964844,325.1000061035156,637250,0.0,0.0,TMCV.NS
2025-11-13 13:15:00+05:30,325.1000061035156,326.0,320.1499938964844,324.1499938964844,1451575,0.0,0.0,TMCV.NS
2025-11-13 14:15:00+05:30,324.1499938964844,325.3500061035156,320.5,320.8999938964844,2891364,0.0,0.0,TMCV.NS
2025-11-13 15:15:00+05:30,320.70001220703125,320.70001220703125,316.0,320.5,1964312,0.0,0.0,TMCV.NS
2025-11-14 09:15:00+05:30,310.0,318.0,307.20001220703125,316.6000061035156,0,0.0,0.0,TMCV.NS
2025-11-14 10:15:00+05:30,316.6000061035156,319.5,316.6000061035156,319.3500061035156,1376348,0.0,0.0,TMCV.NS
2025-11-14 11:15:00+05:30,319.3500061035156,321.0,319.29998779296875,321.0,1519541,0.0,0.0,TMCV.NS
2025-11-14 12:15:00+05:30,320.95001220703125,321.0,319.04998779296875,319.70001220703125,2290392,0.0,0.0,TMCV.NS
2025-11-14 13:15:00+05:30,319.70001220703125,320.0,310.0,312.04998779296875,4630346,0.0,0.0,TMCV.NS
2025-11-14 14:15:00+05:30,312.04998779296875,322.0,311.3999938964844,320.6000061035156,86816542,0.0,0.0,TMCV.NS
2025-11-14 15:15:00+05:30,320.0,334.95001220703125,320.0,330.70001220703125,66262459,0.0,0.0,TMCV.NS
2025-11-17 09:15:00+05:30,321.79998779296875,321.79998779296875,313.5,318.0,0,0.0,0.0,TMCV.NS
2025-11-17 10:15:00+05:30,318.0,321.25,317.8500061035156,320.0,1623130,0.0,0.0,TMCV.NS
2025-11-17 11:15:00+05:30,320.0,322.6499938964844,319.5,322.1499938964844,2408270,0.0,0.0,TMCV.NS
2025-11-17 12:15:00+05:30,322.1499938964844,325.5,322.0,325.20001220703125,2807148,0.0,0.0,TMCV.NS
2025-11-17 13:15:00+05:30,325.20001220703125,325.3999938964844,322.0,322.29998779296875,1126647,0.0,0.0,TMCV.NS
2025-11-17 14:15:00+05:30,323.0,324.5,321.1000061035156,322.1000061035156,2557582,0.0,0.0,TMCV.NS
2025-11-17 15:15:00+05:30,322.1000061035156,324.75,321.95001220703125,324.0,2321423,0.0,0.0,TMCV.NS
2025-11-18 09:15:00+05:30,318.0,320.3999938964844,310.6000061035156,320.25,0,0.0,0.0,TMCV.NS
2025-11-18 10:15:00+05:30,320.29998779296875,323.79998779296875,320.0,323.04998779296875,3042101,0.0,0.0,TMCV.NS
2025-11-18 11:15:00+05:30,323.04998779296875,323.20001220703125,321.75,323.20001220703125,1492284,0.0,0.0,TMCV.NS
2025-11-18 12:15:00+05:30,323.20001220703125,323.20001220703125,321.0,323.04998779296875,1050595,0.0,0.0,TMCV.NS
2025-11-18 13:15:00+05:30,323.0,323.95001220703125,322.8500061035156,323.6000061035156,1099214,0.0,0.0,TMCV.NS
2025-11-18 14:15:00+05:30,323.5,325.8999938964844,322.95001220703125,325.1499938964844,2733103,0.0,0.0,TMCV.NS
2025-11-18 15:15:00+05:30,325.1000061035156,326.95001220703125,323.0,324.0,1339934,0.0,0.0,TMCV.NS
2025-11-19 09:15:00+05:30,320.6499938964844,326.8500061035156,318.75,325.20001220703125,0,0.0,0.0,TMCV.NS
2025-11-19 10:15:00+05:30,325.20001220703125,327.0,325.0,326.75,1293488,0.0,0.0,TMCV.NS
2025-11-19 11:15:00+05:30,326.79998779296875,330.0,326.6499938964844,330.0,1590852,0.0,0.0,TMCV.NS
2025-11-19 12:15:00+05:30,329.95001220703125,332.3500061035156,329.45001220703125,332.0,1768900,0.0,0.0,TMCV.NS
2025-11-19 13:15:00+05:30,332.0,333.0,327.95001220703125,328.20001220703125,1273866,0.0,0.0,TMCV.NS
2025-11-19 14:15:00+05:30,328.20001220703125,328.6000061035156,325.0,325.04998779296875,4068685,0.0,0.0,TMCV.NS
2025-11-19 15:15:00+05:30,325.04998779296875,327.3999938964844,324.6000061035156,327.3999938964844,1228196,0.0,0.0,TMCV.NS
2025-11-20 09:15:00+05:30,322.29998779296875,325.54998779296875,320.25,322.04998779296875,0,0.0,0.0,TMCV.NS
2025-11-20 10:15:00+05:30,322.04998779296875,323.04998779296875,321.70001220703125,322.04998779296875,1039103,0.0,0.0,TMCV.NS
2025-11-20 11:15:00+05:30,322.04998779296875,323.8999938964844,321.95001220703125,323.0,1141486,0.0,0.0,TMCV.NS
2025-11-20 12:15:00+05:30,323.04998779296875,323.54998779296875,322.5,322.8999938964844,1435428,0.0,0.0,TMCV.NS
2025-11-20 13:15:00+05:30,322.8999938964844,325.25,322.5,325.0,1274107,0.0,0.0,TMCV.NS
2025-11-20 14:15:00+05:30,325.0,325.04998779296875,322.5,322.95001220703125,2175950,0.0,0.0,TMCV.NS
2025-11-20 15:15:00+05:30,323.0,323.8999938964844,322.5,322.70001220703125,1121181,0.0,0.0,TMCV.NS
2025-11-21 09:15:00+05:30,321.25,321.25,317.1000061035156,318.8500061035156,0,0.0,0.0,TMCV.NS
2025-11-21 10:15:00+05:30,319.0,320.6499938964844,318.04998779296875,320.04998779296875,593252,0.0,0.0,TMCV.NS
2025-11-21 11:15:00+05:30,320.04998779296875,321.20001220703125,319.04998779296875,320.6000061035156,601092,0.0,0.0,TMCV.NS
2025-11-21 12:15:00+05:30,320.6000061035156,323.0,320.0,322.70001220703125,921980,0.0,0.0,TMCV.NS
2025-11-21 13:15:00+05:30,322.8999938964844,324.0,321.0,323.75,722093,0.0,0.0,TMCV.NS
2025-11-21 14:15:00+05:30,323.79998779296875,325.0,323.0,324.8500061035156,1290943,0.0,0.0,TMCV.NS
2025-11-21 15:15:00+05:30,324.8999938964844,325.1000061035156,322.1000061035156,322.95001220703125,776422,0.0,0.0,TMCV.NS
2025-11-24 09:15:00+05:30,321.8999938964844,322.95001220703125,320.0,320.75,0,0.0,0.0,TMCV.NS
2025-11-24 10:15:00+05:30,320.95001220703125,323.3500061035156,320.1000061035156,322.1000061035156,768292,0.0,0.0,TMCV.NS
2025-11-24 11:15:00+05:30,322.0,324.0,320.6000061035156,322.0,515683,0.0,0.0,TMCV.NS
2025-11-24 12:15:00+05:30,322.0,323.0,320.5,322.8999938964844,461011,0.0,0.0,TMCV.NS
2025-11-24 13:15:00+05:30,323.0,323.95001220703125,320.54998779296875,323.04998779296875,630876,0.0,0.0,TMCV.NS
2025-11-24 14:15:00+05:30,323.0,323.04998779296875,320.54998779296875,320.79998779296875,6543451,0.0,0.0,TMCV.NS
2025-11-24 15:15:00+05:30,320.8500061035156,321.0,314.3500061035156,315.8999938964844,6813180,0.0,0.0,TMCV.NS
2025-11-25 09:15:00+05:30,315.1000061035156,318.0,310.1000061035156,317.95001220703125,0,0.0,0.0,TMCV.NS
2025-11-25 10:15:00+05:30,317.6000061035156,319.0,316.1000061035156,318.04998779296875,586687,0.0,0.0,TMCV.NS
2025-11-25 11:15:00+05:30,318.0,319.3999938964844,317.0,319.0,506716,0.0,0.0,TMCV.NS
2025-11-25 12:15:00+05:30,319.0,319.1499938964844,317.1000061035156,319.0,724064,0.0,0.0,TMCV.NS
2025-11-25 13:15:00+05:30,319.0,319.04998779296875,316.0,317.0,734217,0.0,0.0,TMCV.NS
2025-11-25 14:15:00+05:30,317.0,317.45001220703125,317.0,317.3999938964844,1087485,0.0,0.0,TMCV.NS
2025-11-25 15:15:00+05:30,317.45001220703125,319.29998779296875,317.20001220703125,319.1000061035156,654830,0.0,0.0,TMCV.NS
2025-11-26 09:15:00+05:30,320.8999938964844,324.54998779296875,319.45001220703125,321.8999938964844,0,0.0,0.0,TMCV.NS
2025-11-26 10:15:00+05:30,321.8999938964844,322.54998779296875,317.8999938964844,321.1499938964844,1922260,0.0,0.0,TMCV.NS
2025-11-26 11:15:00+05:30,321.1499938964844,321.8500061035156,321.0,321.79998779296875,744180,0.0,0.0,TMCV.NS
2025-11-26 12:15:00+05:30,321.75,324.6000061035156,321.75,324.25,972010,0.0,0.0,TMCV.NS
2025-11-26 13:15:00+05:30,324.25,324.8500061035156,323.8999938964844,324.6000061035156,789748,0.0,0.0,TMCV.NS
2025-11-26 14:15:00+05:30,324.6000061035156,324.8999938964844,323.3500061035156,324.3999938964844,1661646,0.0,0.0,TMCV.NS
2025-11-26 15:15:00+05:30,324.3999938964844,324.5,322.8500061035156,323.6499938964844,899713,0.0,0.0,TMCV.NS
2025-11-27 09:15:00+05:30,323.1000061035156,341.0,322.6499938964844,338.20001220703125,0,0.0,0.0,TMCV.NS
2025-11-27 10:15:00+05:30,338.20001220703125,342.3500061035156,338.1000061035156,342.25,4424044,0.0,0.0,TMCV.NS
2025-11-27 11:15:00+05:30,342.29998779296875,347.5,341.29998779296875,343.25,3486299,0.0,0.0,TMCV.NS
2025-11-27 12:15:00+05:30,343.29998779296875,345.45001220703125,343.1000061035156,343.29998779296875,1709881,0.0,0.0,TMCV.NS
2025-11-27 13:15:00+05:30,343.3500061035156,346.45001220703125,341.8999938964844,342.95001220703125,2291791,0.0,0.0,TMCV.NS
2025-11-27 14:15:00+05:30,342.95001220703125,344.79998779296875,342.75,343.45001220703125,2241104,0.0,0.0,TMCV.NS
2025-11-27 15:15:00+05:30,343.3500061035156,345.0,343.3500061035156,343.70001220703125,1446963,0.0,0.0,TMCV.NS
2025-11-28 09:15:00+05:30,341.0,359.8999938964844,331.5,355.8999938964844,0,0.0,0.0,TMCV.NS
2025-11-28 10:15:00+05:30,355.8999938964844,356.0,350.75,352.79998779296875,2504730,0.0,0.0,TMCV.NS
2025-11-28 11:15:00+05:30,352.75,352.95001220703125,348.1499938964844,350.54998779296875,1843933,0.0,0.0,TMCV.NS
2025-11-28 12:15:00+05:30,350.3500061035156,352.1499938964844,349.6000061035156,350.04998779296875,1107645,0.0,0.0,TMCV.NS
2025-11-28 13:15:00+05:30,350.04998779296875,352.8500061035156,349.79998779296875,350.54998779296875,1187484,0.0,0.0,TMCV.NS
2025-11-28 14:15:00+05:30,350.54998779296875,352.3500061035156,350.1499938964844,352.29998779296875,1858456,0.0,0.0,TMCV.NS
2025-11-28 15:15:00+05:30,352.29998779296875,352.3999938964844,351.6000061035156,352.0,967794,0.0,0.0,TMCV.NS
2025-12-01 09:15:00+05:30,351.70001220703125,365.0,351.70001220703125,361.75,0,0.0,0.0,TMCV.NS
2025-12-01 10:15:00+05:30,361.75,361.75,356.8500061035156,359.0,1456010,0.0,0.0,TMCV.NS
2025-12-01 11:15:00+05:30,359.0,359.8999938964844,354.54998779296875,356.6000061035156,1182308,0.0,0.0,TMCV.NS
2025-12-01 12:15:00+05:30,356.54998779296875,358.5,354.95001220703125,355.6499938964844,1266240,0.0,0.0,TMCV.NS
2025-12-01 13:15:00+05:30,355.70001220703125,358.29998779296875,353.79998779296875,356.8500061035156,1523799,0.0,0.0,TMCV.NS
2025-12-01 14:15:00+05:30,356.8500061035156,360.3999938964844,356.75,360.1000061035156,2439832,0.0,0.0,TMCV.NS
2025-12-01 15:15:00+05:30,360.1000061035156,360.25,357.0,359.04998779296875,796068,0.0,0.0,TMCV.NS
2025-12-02 09:15:00+05:30,360.5,367.7000122070313,356.5,358.75,0,0.0,0.0,TMCV.NS
2025-12-02 10:15:00+05:30,358.75,360.25,353.3500061035156,358.1000061035156,1365702,0.0,0.0,TMCV.NS
2025-12-02 11:15:00+05:30,358.1499938964844,358.20001220703125,356.0,356.79998779296875,615595,0.0,0.0,TMCV.NS
2025-12-02 12:15:00+05:30,356.79998779296875,358.20001220703125,354.1000061035156,354.3999938964844,754094,0.0,0.0,TMCV.NS
2025-12-02 13:15:00+05:30,354.3500061035156,357.0,352.3999938964844,356.95001220703125,843708,0.0,0.0,TMCV.NS
2025-12-02 14:15:00+05:30,356.95001220703125,357.75,355.29998779296875,355.3500061035156,1102045,0.0,0.0,TMCV.NS
2025-12-02 15:15:00+05:30,355.45001220703125,355.45001220703125,352.75,354.20001220703125,750743,0.0,0.0,TMCV.NS
2025-12-03 09:15:00+05:30,353.95001220703125,354.20001220703125,346.5,350.0,0,0.0,0.0,TMCV.NS
2025-12-03 10:15:00+05:30,350.1499938964844,360.0,350.0,359.1000061035156,1987320,0.0,0.0,TMCV.NS
2025-12-03 11:15:00+05:30,359.1000061035156,360.75,355.5,358.8999938964844,1498013,0.0,0.0,TMCV.NS
2025-12-03 12:15:00+05:30,358.79998779296875,359.0,356.6000061035156,358.20001220703125,1777361,0.0,0.0,TMCV.NS
2025-12-03 13:15:00+05:30,358.1000061035156,359.6499938964844,358.1000061035156,359.6499938964844,718322,0.0,0.0,TMCV.NS
2025-12-03 14:15:00+05:30,359.45001220703125,362.2000122070313,359.25,360.20001220703125,2472647,0.0,0.0,TMCV.NS
2025-12-03 15:15:00+05:30,360.20001220703125,361.1000061035156,360.0,360.04998779296875,898230,0.0,0.0,TMCV.NS
2025-12-04 09:15:00+05:30,358.3500061035156,359.3500061035156,354.8500061035156,357.20001220703125,0,0.0,0.0,TMCV.NS
2025-12-04 10:15:00+05:30,357.1499938964844,361.4500122070313,357.1499938964844,360.0,1189086,0.0,0.0,TMCV.NS
2025-12-04 11:15:00+05:30,360.0,360.6499938964844,359.20001220703125,359.79998779296875,1024470,0.0,0.0,TMCV.NS
2025-12-04 12:15:00+05:30,359.6499938964844,360.20001220703125,356.6000061035156,358.04998779296875,931872,0.0,0.0,TMCV.NS
2025-12-04 13:15:00+05:30,358.04998779296875,358.6000061035156,355.8999938964844,357.8999938964844,795241,0.0,0.0,TMCV.NS
2025-12-04 14:15:00+05:30,357.79998779296875,358.6000061035156,355.5,356.95001220703125,1097119,0.0,0.0,TMCV.NS
2025-12-04 15:15:00+05:30,357.25,357.25,355.1000061035156,356.20001220703125,640018,0.0,0.0,TMCV.NS
2025-12-05 09:15:00+05:30,355.5,356.1000061035156,349.8999938964844,355.0,0,0.0,0.0,TMCV.NS
2025-12-05 10:15:00+05:30,355.0,356.0,354.20001220703125,355.79998779296875,795854,0.0,0.0,TMCV.NS
2025-12-05 11:15:00+05:30,355.8500061035156,356.95001220703125,354.79998779296875,356.04998779296875,665728,0.0,0.0,TMCV.NS
2025-12-05 12:15:00+05:30,356.04998779296875,358.3999938964844,355.0,358.20001220703125,966697,0.0,0.0,TMCV.NS
2025-12-05 13:15:00+05:30,358.1000061035156,361.4500122070313,358.0,359.3500061035156,865332,0.0,0.0,TMCV.NS
2025-12-05 14:15:00+05:30,359.3500061035156,360.1499938964844,358.20001220703125,360.0,1149849,0.0,0.0,TMCV.NS
2025-12-05 15:15:00+05:30,360.0,360.25,358.0,358.25,607739,0.0,0.0,TMCV.NS
2025-12-08 09:15:00+05:30,358.0,364.2000122070313,358.0,359.3999938964844,0,0.0,0.0,TMCV.NS
2025-12-08 10:15:00+05:30,359.3500061035156,361.8500061035156,359.29998779296875,361.1000061035156,720656,0.0,0.0,TMCV.NS
2025-12-08 11:15:00+05:30,361.0,361.6000061035156,361.0,361.1499938964844,996106,0.0,0.0,TMCV.NS
2025-12-08 12:15:00+05:30,361.0,361.3500061035156,360.0,360.1000061035156,1117207,0.0,0.0,TMCV.NS
2025-12-08 13:15:00+05:30,360.0,360.8500061035156,357.1499938964844,359.95001220703125,1163839,0.0,0.0,TMCV.NS
2025-12-08 14:15:00+05:30,360.0,360.75,357.95001220703125,360.0,1236378,0.0,0.0,TMCV.NS
2025-12-08 15:15:00+05:30,360.04998779296875,361.4500122070313,360.0,360.0,674788,0.0,0.0,TMCV.NS
2025-12-09 09:15:00+05:30,357.0,359.0,353.8500061035156,358.6000061035156,1855617,0.0,0.0,TMCV.NS
2025-12-09 10:15:00+05:30,359.20001220703125,363.0,357.3999938964844,362.9500122070313,977971,0.0,0.0,TMCV.NS
2025-12-09 11:15:00+05:30,362.7999877929688,372.7999877929688,362.3500061035156,372.6499938964844,2250654,0.0,0.0,TMCV.NS
2025-12-09 12:15:00+05:30,372.7999877929688,377.1499938964844,369.7000122070313,374.0,2173934,0.0,0.0,TMCV.NS
2025-12-09 13:15:00+05:30,374.0,381.8500061035156,371.6000061035156,374.2999877929688,3169202,0.0,0.0,TMCV.NS
2025-12-09 14:15:00+05:30,374.2000122070313,375.4500122070313,360.3500061035156,373.0,4325715,0.0,0.0,TMCV.NS
2025-12-09 15:15:00+05:30,373.0,373.2000122070313,372.9500122070313,373.1000061035156,1364421,0.0,0.0,TMCV.NS
2025-12-10 09:15:00+05:30,378.5,382.8500061035156,368.4500122070313,369.3999938964844,0,0.0,0.0,TMCV.NS
2025-12-10 10:15:00+05:30,369.3999938964844,376.2999877929688,369.0,375.0499877929688,2922584,0.0,0.0,TMCV.NS
2025-12-10 11:15:00+05:30,375.0,379.5,375.0,377.0,3992250,0.0,0.0,TMCV.NS
2025-12-10 12:15:00+05:30,377.0,378.0,375.9500122070313,377.0,735955,0.0,0.0,TMCV.NS
2025-12-10 13:15:00+05:30,376.8500061035156,380.6000061035156,376.4500122070313,377.75,909918,0.0,0.0,TMCV.NS
2025-12-10 14:15:00+05:30,377.75,380.4500122070313,377.0499877929688,378.7999877929688,2159363,0.0,0.0,TMCV.NS
2025-12-10 15:15:00+05:30,378.9500122070313,379.1000061035156,376.5,377.0,993219,0.0,0.0,TMCV.NS
2025-12-11 09:15:00+05:30,378.0,378.75,370.1499938964844,378.75,0,0.0,0.0,TMCV.NS
2025-12-11 10:15:00+05:30,378.75,379.8500061035156,374.8999938964844,376.1000061035156,3626064,0.0,0.0,TMCV.NS
2025-12-11 11:15:00+05:30,376.1000061035156,376.5,370.7999877929688,373.7000122070313,996766,0.0,0.0,TMCV.NS
2025-12-11 12:15:00+05:30,373.7999877929688,375.5499877929688,372.6000061035156,373.1000061035156,795388,0.0,0.0,TMCV.NS
2025-12-11 13:15:00+05:30,373.0499877929688,374.7999877929688,371.6000061035156,374.5,768599,0.0,0.0,TMCV.NS
2025-12-11 14:15:00+05:30,374.5,376.7000122070313,372.6000061035156,373.8999938964844,1639710,0.0,0.0,TMCV.NS
2025-12-11 15:15:00+05:30,373.8500061035156,373.8999938964844,370.4500122070313,371.4500122070313,527402,0.0,0.0,TMCV.NS
2025-12-12 09:15:00+05:30,372.0,375.7000122070313,367.3500061035156,372.5,0,0.0,0.0,TMCV.NS
2025-12-12 10:15:00+05:30,372.4500122070313,372.8500061035156,368.0,368.1499938964844,3038360,0.0,0.0,TMCV.NS
2025-12-12 11:15:00+05:30,368.1499938964844,371.0,366.4500122070313,370.8500061035156,896892,0.0,0.0,TMCV.NS
2025-12-12 12:15:00+05:30,370.8500061035156,372.75,369.8500061035156,369.8500061035156,979485,0.0,0.0,TMCV.NS
2025-12-12 13:15:00+05:30,369.8500061035156,378.9500122070313,369.0,378.6000061035156,2163388,0.0,0.0,TMCV.NS
2025-12-12 14:15:00+05:30,378.9500122070313,378.9500122070313,373.5,373.75,1986497,0.0,0.0,TMCV.NS
2025-12-12 15:15:00+05:30,373.7000122070313,373.8500061035156,370.5,370.9500122070313,616580,0.0,0.0,TMCV.NS
2025-12-15 09:15:00+05:30,372.6000061035156,372.6000061035156,365.5,370.7999877929688,0,0.0,0.0,TMCV.NS
2025-12-15 10:15:00+05:30,370.7999877929688,374.9500122070313,369.0,374.8500061035156,1307186,0.0,0.0,TMCV.NS
2025-12-15 11:15:00+05:30,374.8500061035156,376.1000061035156,373.2000122070313,374.6499938964844,731037,0.0,0.0,TMCV.NS
2025-12-15 12:15:00+05:30,374.7000122070313,375.9500122070313,374.0499877929688,374.8999938964844,639367,0.0,0.0,TMCV.NS
2025-12-15 13:15:00+05:30,374.8999938964844,376.6000061035156,374.6000061035156,375.2000122070313,751621,0.0,0.0,TMCV.NS
2025-12-15 14:15:00+05:30,375.2000122070313,378.7999877929688,375.1499938964844,378.3500061035156,1171573,0.0,0.0,TMCV.NS
2025-12-15 15:15:00+05:30,378.3500061035156,378.9500122070313,375.2000122070313,376.5,581286,0.0,0.0,TMCV.NS
2025-12-16 09:15:00+05:30,377.7999877929688,382.2999877929688,374.5,377.4500122070313,0,0.0,0.0,TMCV.NS
2025-12-16 10:15:00+05:30,377.3999938964844,381.3999938964844,376.5499877929688,380.6000061035156,1098272,0.0,0.0,TMCV.NS
2025-12-16 11:15:00+05:30,380.7000122070313,385.0,379.8999938964844,384.0,1797864,0.0,0.0,TMCV.NS
2025-12-16 12:15:00+05:30,384.0,384.6000061035156,382.7999877929688,383.2999877929688,926507,0.0,0.0,TMCV.NS
2025-12-16 13:15:00+05:30,383.3500061035156,385.8999938964844,382.3999938964844,385.8999938964844,1101975,0.0,0.0,TMCV.NS
2025-12-16 14:15:00+05:30,385.9500122070313,390.0,385.7000122070313,387.2000122070313,2675019,0.0,0.0,TMCV.NS
2025-12-16 15:15:00+05:30,387.2000122070313,388.0,386.5,387.8500061035156,996911,0.0,0.0,TMCV.NS
2025-12-17 09:15:00+05:30,389.0,397.2000122070313,383.5499877929688,387.8999938964844,0,0.0,0.0,TMCV.NS
2025-12-17 10:15:00+05:30,387.9500122070313,387.9500122070313,384.3999938964844,387.5499877929688,998878,0.0,0.0,TMCV.NS
2025-12-17 11:15:00+05:30,387.6000061035156,388.25,385.25,386.3999938964844,865461,0.0,0.0,TMCV.NS
2025-12-17 12:15:00+05:30,386.4500122070313,386.4500122070313,384.3999938964844,385.6499938964844,647723,0.0,0.0,TMCV.NS
2025-12-17 13:15:00+05:30,385.6499938964844,386.1499938964844,384.6000061035156,386.0499877929688,669409,0.0,0.0,TMCV.NS
2025-12-17 14:15:00+05:30,386.0499877929688,388.2000122070313,384.7999877929688,385.5,1629883,0.0,0.0,TMCV.NS
2025-12-17 15:15:00+05:30,385.5499877929688,388.2000122070313,385.0,386.9500122070313,1081462,0.0,0.0,TMCV.NS
2025-12-18 09:15:00+05:30,394.1499938964844,398.7000122070313,391.3500061035156,396.0,0,0.0,0.0,TMCV.NS
2025-12-18 10:15:00+05:30,396.0499877929688,400.8999938964844,395.25,399.3500061035156,2852646,0.0,0.0,TMCV.NS
2025-12-18 11:15:00+05:30,399.2999877929688,400.7000122070313,398.0499877929688,400.1000061035156,1382932,0.0,0.0,TMCV.NS
2025-12-18 12:15:00+05:30,400.1000061035156,406.7999877929688,399.7000122070313,406.3500061035156,3365086,0.0,0.0,TMCV.NS
2025-12-18 13:15:00+05:30,406.2999877929688,406.3500061035156,403.25,404.5,2087717,0.0,0.0,TMCV.NS
2025-12-18 14:15:00+05:30,404.5,404.75,400.6000061035156,401.5,2849257,0.0,0.0,TMCV.NS
2025-12-18 15:15:00+05:30,401.3999938964844,401.6000061035156,399.3500061035156,400.0,1459892,0.0,0.0,TMCV.NS
2025-12-19 09:15:00+05:30,402.3999938964844,403.0,394.3999938964844,396.0499877929688,0,0.0,0.0,TMCV.NS
2025-12-19 10:15:00+05:30,396.0,400.7000122070313,395.75,396.5,3135706,0.0,0.0,TMCV.NS
2025-12-19 11:15:00+05:30,396.5,398.7999877929688,395.8500061035156,397.5499877929688,1796226,0.0,0.0,TMCV.NS
2025-12-19 12:15:00+05:30,397.4500122070313,398.0,394.7999877929688,397.2000122070313,1644509,0.0,0.0,TMCV.NS
2025-12-19 13:15:00+05:30,397.25,398.1499938964844,395.3999938964844,395.75,1539046,0.0,0.0,TMCV.NS
2025-12-19 14:15:00+05:30,395.7999877929688,399.8999938964844,394.1499938964844,395.5499877929688,5542039,0.0,0.0,TMCV.NS
2025-12-19 15:15:00+05:30,395.7000122070313,395.7000122070313,385.2999877929688,394.3500061035156,3561505,0.0,0.0,TMCV.NS
2025-12-22 09:15:00+05:30,395.75,404.7999877929688,395.7000122070313,404.7999877929688,0,0.0,0.0,TMCV.NS
2025-12-22 10:15:00+05:30,404.8999938964844,414.0,404.7999877929688,413.7000122070313,3483951,0.0,0.0,TMCV.NS
2025-12-22 11:15:00+05:30,413.7000122070313,413.7000122070313,412.0499877929688,412.5,865475,0.0,0.0,TMCV.NS
2025-12-22 12:15:00+05:30,412.5,413.6000061035156,412.3999938964844,413.0499877929688,648323,0.0,0.0,TMCV.NS
2025-12-22 13:15:00+05:30,413.1000061035156,413.75,412.2999877929688,412.3999938964844,710078,0.0,0.0,TMCV.NS
2025-12-22 14:15:00+05:30,412.4500122070313,412.4500122070313,409.9500122070313,410.3999938964844,1433063,0.0,0.0,TMCV.NS
2025-12-22 15:15:00+05:30,410.4500122070313,412.6000061035156,410.2999877929688,411.7999877929688,1369058,0.0,0.0,TMCV.NS
2025-12-23 09:15:00+05:30,412.7999877929688,421.0,412.7999877929688,420.0,0,0.0,0.0,TMCV.NS
2025-12-23 10:15:00+05:30,420.0499877929688,428.0,418.75,423.9500122070313,2983739,0.0,0.0,TMCV.NS
2025-12-23 11:15:00+05:30,423.9500122070313,426.0,421.8500061035156,423.8999938964844,2208172,0.0,0.0,TMCV.NS
2025-12-23 12:15:00+05:30,423.8999938964844,424.0,422.0499877929688,423.2999877929688,846994,0.0,0.0,TMCV.NS
2025-12-23 13:15:00+05:30,423.2999877929688,425.0,422.75,424.6499938964844,856723,0.0,0.0,TMCV.NS
2025-12-23 14:15:00+05:30,424.6499938964844,427.0,424.0,426.5,2051327,0.0,0.0,TMCV.NS
2025-12-23 15:15:00+05:30,426.5,426.8999938964844,424.7000122070313,425.5,1051475,0.0,0.0,TMCV.NS
2025-12-24 09:15:00+05:30,427.2000122070313,432.2000122070313,423.8500061035156,427.8999938964844,0,0.0,0.0,TMCV.NS
2025-12-24 10:15:00+05:30,427.7999877929688,428.7999877929688,412.4500122070313,415.2999877929688,2773117,0.0,0.0,TMCV.NS
2025-12-24 11:15:00+05:30,415.25,416.0,408.0,410.3999938964844,3657347,0.0,0.0,TMCV.NS
2025-12-24 12:15:00+05:30,410.3999938964844,416.7000122070313,408.75,412.6499938964844,4690551,0.0,0.0,TMCV.NS
2025-12-24 13:15:00+05:30,412.7000122070313,413.0499877929688,409.7000122070313,410.4500122070313,1017193,0.0,0.0,TMCV.NS
2025-12-24 14:15:00+05:30,410.2999877929688,410.7999877929688,408.1000061035156,408.6499938964844,1625535,0.0,0.0,TMCV.NS
2025-12-24 15:15:00+05:30,408.6000061035156,410.2000122070313,408.0,410.0,1516164,0.0,0.0,TMCV.NS
2025-12-26 09:15:00+05:30,409.6499938964844,416.5,407.5,411.5499877929688,0,0.0,0.0,TMCV.NS
2025-12-26 10:15:00+05:30,411.5499877929688,413.1499938964844,407.4500122070313,408.2000122070313,1074164,0.0,0.0,TMCV.NS
2025-12-26 11:15:00+05:30,408.3500061035156,409.2000122070313,403.4500122070313,408.3999938964844,1418844,0.0,0.0,TMCV.NS
2025-12-26 12:15:00+05:30,408.3999938964844,414.25,408.25,411.9500122070313,1745736,0.0,0.0,TMCV.NS
2025-12-26 13:15:00+05:30,411.8999938964844,412.0499877929688,408.0499877929688,409.1000061035156,729151,0.0,0.0,TMCV.NS
2025-12-26 14:15:00+05:30,409.0499877929688,410.4500122070313,408.0,408.0,873605,0.0,0.0,TMCV.NS
2025-12-26 15:15:00+05:30,408.0499877929688,410.2999877929688,408.0,410.0,703315,0.0,0.0,TMCV.NS
2025-12-29 09:15:00+05:30,410.0499877929688,417.8999938964844,410.0,410.1000061035156,0,0.0,0.0,TMCV.NS
2025-12-29 10:15:00+05:30,410.1499938964844,411.3500061035156,410.0,410.2000122070313,577250,0.0,0.0,TMCV.NS
2025-12-29 11:15:00+05:30,410.2999877929688,410.5499877929688,408.4500122070313,409.1499938964844,650088,0.0,0.0,TMCV.NS
2025-12-29 12:15:00+05:30,409.0,410.2000122070313,408.0,410.0,1016977,0.0,0.0,TMCV.NS
2025-12-29 13:15:00+05:30,410.0499877929688,410.9500122070313,406.8500061035156,407.0,557246,0.0,0.0,TMCV.NS
2025-12-29 14:15:00+05:30,407.3999938964844,412.3500061035156,406.5499877929688,410.1499938964844,1668153,0.0,0.0,TMCV.NS
2025-12-29 15:15:00+05:30,410.2000122070313,410.3500061035156,407.5499877929688,409.6000061035156,1157009,0.0,0.0,TMCV.NS
2025-12-30 09:15:00+05:30,410.0,410.25,406.0,407.7000122070313,0,0.0,0.0,TMCV.NS
2025-12-30 10:15:00+05:30,407.7000122070313,415.5,407.4500122070313,411.5,1349885,0.0,0.0,TMCV.NS
2025-12-30 11:15:00+05:30,411.5,414.1499938964844,407.4500122070313,408.1499938964844,667885,0.0,0.0,TMCV.NS
2025-12-30 12:15:00+05:30,408.2000122070313,409.7999877929688,406.7999877929688,408.2999877929688,653203,0.0,0.0,TMCV.NS
2025-12-30 13:15:00+05:30,408.3999938964844,410.2999877929688,408.25,409.5,765090,0.0,0.0,TMCV.NS
2025-12-30 14:15:00+05:30,409.5,412.4500122070313,408.5,409.1499938964844,1336859,0.0,0.0,TMCV.NS
2025-12-30 15:15:00+05:30,409.1000061035156,409.9500122070313,408.6499938964844,408.6499938964844,574311,0.0,0.0,TMCV.NS
2025-12-31 09:15:00+05:30,411.8500061035156,415.5499877929688,409.7000122070313,410.5,0,0.0,0.0,TMCV.NS
2025-12-31 10:15:00+05:30,410.5499877929688,413.1499938964844,410.3999938964844,413.1499938964844,592547,0.0,0.0,TMCV.NS
2025-12-31 11:15:00+05:30,413.0,414.1499938964844,411.7999877929688,412.7999877929688,933971,0.0,0.0,TMCV.NS
2025-12-31 12:15:00+05:30,412.75,416.25,412.5,414.6499938964844,1028776,0.0,0.0,TMCV.NS
2025-12-31 13:15:00+05:30,414.7000122070313,417.3999938964844,413.5,416.8999938964844,766777,0.0,0.0,TMCV.NS
2025-12-31 14:15:00+05:30,416.8999938964844,418.0,414.3999938964844,415.8999938964844,1231361,0.0,0.0,TMCV.NS
2025-12-31 15:15:00+05:30,415.8500061035156,416.0,415.2000122070313,415.8999938964844,785248,0.0,0.0,TMCV.NS
2026-01-01 09:15:00+05:30,419.1000061035156,426.0,417.6000061035156,424.1000061035156,0,0.0,0.0,TMCV.NS
2026-01-01 10:15:00+05:30,424.1499938964844,424.4500122070313,421.25,421.8999938964844,671977,0.0,0.0,TMCV.NS
2026-01-01 11:15:00+05:30,421.8999938964844,427.0,421.8999938964844,426.75,1293069,0.0,0.0,TMCV.NS
2026-01-01 12:15:00+05:30,426.7999877929688,430.0,424.8500061035156,426.9500122070313,2335483,0.0,0.0,TMCV.NS
2026-01-01 13:15:00+05:30,427.0,427.0,424.5,426.3500061035156,962893,0.0,0.0,TMCV.NS
2026-01-01 14:15:00+05:30,426.2999877929688,428.8999938964844,423.25,428.5,2014061,0.0,0.0,TMCV.NS
2026-01-01 15:15:00+05:30,428.5,428.75,425.1000061035156,425.2000122070313,725930,0.0,0.0,TMCV.NS
2026-01-02 09:15:00+05:30,433.1000061035156,443.1000061035156,433.1000061035156,440.1000061035156,0,0.0,0.0,TMCV.NS
2026-01-02 10:15:00+05:30,440.1000061035156,440.6499938964844,437.8999938964844,439.2000122070313,1911718,0.0,0.0,TMCV.NS
2026-01-02 11:15:00+05:30,439.25,446.6000061035156,439.1499938964844,446.0499877929688,2549140,0.0,0.0,TMCV.NS
2026-01-02 12:15:00+05:30,446.0499877929688,447.9500122070313,442.25,442.3999938964844,2071440,0.0,0.0,TMCV.NS
2026-01-02 13:15:00+05:30,442.3999938964844,442.4500122070313,439.8500061035156,440.5,1291894,0.0,0.0,TMCV.NS
2026-01-02 14:15:00+05:30,440.2999877929688,443.7999877929688,440.2999877929688,442.7999877929688,1396020,0.0,0.0,TMCV.NS
2026-01-02 15:15:00+05:30,442.7999877929688,442.9500122070313,441.0,442.1000061035156,857362,0.0,0.0,TMCV.NS
2026-01-05 09:15:00+05:30,433.7999877929688,437.4500122070313,423.1000061035156,431.9500122070313,0,0.0,0.0,TMCV.NS
2026-01-05 10:15:00+05:30,431.9500122070313,436.25,431.5,435.0,2462876,0.0,0.0,TMCV.NS
2026-01-05 11:15:00+05:30,435.0,435.25,428.7000122070313,428.9500122070313,1691873,0.0,0.0,TMCV.NS
2026-01-05 12:15:00+05:30,428.8999938964844,431.2000122070313,426.1000061035156,428.7000122070313,1607322,0.0,0.0,TMCV.NS
2026-01-05 13:15:00+05:30,428.7000122070313,429.7999877929688,424.8999938964844,425.1499938964844,1390005,0.0,0.0,TMCV.NS
2026-01-05 14:15:00+05:30,425.1499938964844,427.5,424.7999877929688,426.5,1496055,0.0,0.0,TMCV.NS
2026-01-05 15:15:00+05:30,426.5,427.1499938964844,425.1499938964844,427.0,901108,0.0,0.0,TMCV.NS
2026-01-06 09:15:00+05:30,429.1499938964844,437.1000061035156,427.5,432.0499877929688,0,0.0,0.0,TMCV.NS
2026-01-06 10:15:00+05:30,432.2000122070313,432.8500061035156,429.3500061035156,430.0,638268,0.0,0.0,TMCV.NS
2026-01-06 11:15:00+05:30,430.0,431.3999938964844,429.4500122070313,431.2000122070313,492252,0.0,0.0,TMCV.NS
2026-01-06 12:15:00+05:30,431.2999877929688,432.5499877929688,428.2000122070313,429.5499877929688,940520,0.0,0.0,TMCV.NS
2026-01-06 13:15:00+05:30,429.5499877929688,430.75,428.5499877929688,429.75,497114,0.0,0.0,TMCV.NS
2026-01-06 14:15:00+05:30,429.7999877929688,433.0,429.6499938964844,432.6499938964844,1817147,0.0,0.0,TMCV.NS
2026-01-06 15:15:00+05:30,432.6000061035156,433.5,431.3500061035156,432.75,1502772,0.0,0.0,TMCV.NS
2026-01-07 09:15:00+05:30,434.5499877929688,440.6499938964844,430.1499938964844,439.4500122070313,0,0.0,0.0,TMCV.NS
2026-01-07 10:15:00+05:30,439.4500122070313,439.6000061035156,436.5,438.1499938964844,1553037,0.0,0.0,TMCV.NS
2026-01-07 11:15:00+05:30,438.1499938964844,438.25,434.3999938964844,435.4500122070313,1295629,0.0,0.0,TMCV.NS
2026-01-07 12:15:00+05:30,435.4500122070313,435.6499938964844,435.0,435.0499877929688,652571,0.0,0.0,TMCV.NS
2026-01-07 13:15:00+05:30,435.0499877929688,435.0499877929688,431.2000122070313,433.5,1593954,0.0,0.0,TMCV.NS
2026-01-07 14:15:00+05:30,433.5,436.25,432.7999877929688,435.8999938964844,1754996,0.0,0.0,TMCV.NS
2026-01-07 15:15:00+05:30,435.8999938964844,436.5499877929688,435.7000122070313,435.75,1142250,0.0,0.0,TMCV.NS
2026-01-08 09:15:00+05:30,437.1000061035156,441.4500122070313,433.1499938964844,436.5,0,0.0,0.0,TMCV.NS
2026-01-08 10:15:00+05:30,436.5,438.5,434.0,437.1499938964844,1343161,0.0,0.0,TMCV.NS
2026-01-08 11:15:00+05:30,437.1499938964844,437.1499938964844,430.6000061035156,432.6499938964844,1140420,0.0,0.0,TMCV.NS
2026-01-08 12:15:00+05:30,432.6000061035156,437.5499877929688,432.3999938964844,437.1499938964844,2142374,0.0,0.0,TMCV.NS
2026-01-08 13:15:00+05:30,437.0499877929688,437.3500061035156,433.8500061035156,435.7999877929688,1797428,0.0,0.0,TMCV.NS
2026-01-08 14:15:00+05:30,435.8500061035156,436.6499938964844,432.7999877929688,435.25,1530027,0.0,0.0,TMCV.NS
2026-01-08 15:15:00+05:30,435.0,435.9500122070313,433.0,434.0,741762,0.0,0.0,TMCV.NS
2026-01-09 09:15:00+05:30,431.0499877929688,443.7999877929688,428.6000061035156,442.9500122070313,0,0.0,0.0,TMCV.NS
2026-01-09 10:15:00+05:30,442.9500122070313,445.9500122070313,438.6499938964844,438.75,5373601,0.0,0.0,TMCV.NS
2026-01-09 11:15:00+05:30,438.8500061035156,440.8999938964844,436.7000122070313,437.75,1190762,0.0,0.0,TMCV.NS
2026-01-09 12:15:00+05:30,437.7000122070313,438.0499877929688,435.7000122070313,437.0499877929688,843585,0.0,0.0,TMCV.NS
2026-01-09 13:15:00+05:30,437.2000122070313,437.2999877929688,430.2999877929688,432.1000061035156,1317731,0.0,0.0,TMCV.NS
2026-01-09 14:15:00+05:30,432.1000061035156,434.0,429.1000061035156,432.25,1662980,0.0,0.0,TMCV.NS
2026-01-09 15:15:00+05:30,432.25,433.0,428.8500061035156,430.5,890421,0.0,0.0,TMCV.NS
2026-01-12 09:15:00+05:30,429.25,429.25,414.8500061035156,419.2000122070313,0,0.0,0.0,TMCV.NS
2026-01-12 10:15:00+05:30,419.2000122070313,421.9500122070313,415.7999877929688,419.75,1503573,0.0,0.0,TMCV.NS
2026-01-12 11:15:00+05:30,419.75,420.3500061035156,418.2999877929688,420.1000061035156,719711,0.0,0.0,TMCV.NS
2026-01-12 12:15:00+05:30,420.1000061035156,424.1499938964844,419.0499877929688,423.3500061035156,1672430,0.0,0.0,TMCV.NS
2026-01-12 13:15:00+05:30,423.2999877929688,425.8500061035156,422.6000061035156,425.0,829181,0.0,0.0,TMCV.NS
2026-01-12 14:15:00+05:30,425.0,426.2000122070313,424.7000122070313,425.0,1046274,0.0,0.0,TMCV.NS
2026-01-12 15:15:00+05:30,425.0,425.5,424.0,424.8999938964844,1755853,0.0,0.0,TMCV.NS
2026-01-13 09:15:00+05:30,425.3500061035156,432.2999877929688,424.1499938964844,425.0499877929688,0,0.0,0.0,TMCV.NS
2026-01-13 10:15:00+05:30,425.1000061035156,427.0,423.5,425.2000122070313,1716684,0.0,0.0,TMCV.NS
2026-01-13 11:15:00+05:30,425.1499938964844,425.8500061035156,422.1499938964844,422.6000061035156,356409,0.0,0.0,TMCV.NS
2026-01-13 12:15:00+05:30,422.6499938964844,425.3500061035156,422.2000122070313,424.1499938964844,1066877,0.0,0.0,TMCV.NS
2026-01-13 13:15:00+05:30,424.1000061035156,425.0,423.3999938964844,423.8999938964844,316489,0.0,0.0,TMCV.NS
2026-01-13 14:15:00+05:30,423.8999938964844,426.0,423.0,425.6000061035156,1115470,0.0,0.0,TMCV.NS
2026-01-13 15:15:00+05:30,425.75,425.75,422.5,424.0,719120,0.0,0.0,TMCV.NS
2026-01-14 09:15:00+05:30,426.0499877929688,428.2999877929688,422.7000122070313,424.0,0,0.0,0.0,TMCV.NS
2026-01-14 10:15:00+05:30,424.0,434.9500122070313,424.0,433.25,2018396,0.0,0.0,TMCV.NS
2026-01-14 11:15:00+05:30,433.3500061035156,436.0,433.0,435.2999877929688,1060608,0.0,0.0,TMCV.NS
2026-01-14 12:15:00+05:30,435.2999877929688,435.3999938964844,431.2999877929688,434.2000122070313,906540,0.0,0.0,TMCV.NS
2026-01-14 13:15:00+05:30,434.2000122070313,434.6499938964844,433.0,434.25,926107,0.0,0.0,TMCV.NS
2026-01-14 14:15:00+05:30,434.2000122070313,434.9500122070313,433.0,433.9500122070313,2443820,0.0,0.0,TMCV.NS
2026-01-14 15:15:00+05:30,433.9500122070313,434.2999877929688,432.7999877929688,433.0499877929688,1403901,0.0,0.0,TMCV.NS
2026-01-16 09:15:00+05:30,431.9500122070313,438.6499938964844,428.1000061035156,437.4500122070313,0,0.0,0.0,TMCV.NS
2026-01-16 10:15:00+05:30,437.4500122070313,443.0,437.25,443.0,3313691,0.0,0.0,TMCV.NS
2026-01-16 11:15:00+05:30,442.8500061035156,446.6499938964844,440.9500122070313,446.3999938964844,1801389,0.0,0.0,TMCV.NS
2026-01-16 12:15:00+05:30,446.3500061035156,446.5,443.7000122070313,444.2999877929688,1465698,0.0,0.0,TMCV.NS
2026-01-16 13:15:00+05:30,444.2999877929688,444.3999938964844,436.2000122070313,437.0,1781648,0.0,0.0,TMCV.NS
2026-01-16 14:15:00+05:30,437.0,438.8500061035156,436.3500061035156,437.9500122070313,1515811,0.0,0.0,TMCV.NS
2026-01-16 15:15:00+05:30,437.9500122070313,439.8500061035156,437.3500061035156,438.1000061035156,871947,0.0,0.0,TMCV.NS
2026-01-19 09:15:00+05:30,440.7000122070313,451.0,437.1000061035156,438.6499938964844,0,0.0,0.0,TMCV.NS
2026-01-19 10:15:00+05:30,438.5,438.8999938964844,434.5,435.2999877929688,2064485,0.0,0.0,TMCV.NS
2026-01-19 11:15:00+05:30,438.5,441.0,435.0,440.7999877929688,991823,0.0,0.0,TMCV.NS
2026-01-19 12:15:00+05:30,440.8500061035156,443.5,440.1499938964844,441.5,2030414,0.0,0.0,TMCV.NS
2026-01-19 13:15:00+05:30,441.6499938964844,442.8500061035156,441.0,441.2999877929688,732307,0.0,0.0,TMCV.NS
2026-01-19 14:15:00+05:30,441.2999877929688,442.5,441.0,441.0499877929688,880202,0.0,0.0,TMCV.NS
2026-01-19 15:15:00+05:30,441.1000061035156,441.7999877929688,441.0,441.3999938964844,599127,0.0,0.0,TMCV.NS
2026-01-20 09:15:00+05:30,442.25,446.3999938964844,435.2000122070313,443.2000122070313,0,0.0,0.0,TMCV.NS
2026-01-20 10:15:00+05:30,443.5,445.5,442.1000061035156,443.5,1667374,0.0,0.0,TMCV.NS
2026-01-20 11:15:00+05:30,443.5,444.5,442.6000061035156,443.5,621784,0.0,0.0,TMCV.NS
2026-01-20 12:15:00+05:30,443.5,444.1000061035156,442.5499877929688,443.3999938964844,1160540,0.0,0.0,TMCV.NS
2026-01-20 13:15:00+05:30,443.3999938964844,444.25,438.0,440.0499877929688,1149692,0.0,0.0,TMCV.NS
2026-01-20 14:15:00+05:30,440.0499877929688,440.9500122070313,433.25,434.7000122070313,1804456,0.0,0.0,TMCV.NS
2026-01-20 15:15:00+05:30,434.5499877929688,434.9500122070313,427.1499938964844,428.8999938964844,1042490,0.0,0.0,TMCV.NS
2026-01-21 09:15:00+05:30,430.5,437.5,428.0,429.6000061035156,0,0.0,0.0,TMCV.NS
2026-01-21 10:15:00+05:30,429.5,430.1499938964844,421.2999877929688,424.1000061035156,1357914,0.0,0.0,TMCV.NS
2026-01-21 11:15:00+05:30,424.0499877929688,431.4500122070313,421.25,431.2000122070313,1735277,0.0,0.0,TMCV.NS
2026-01-21 12:15:00+05:30,431.1000061035156,449.5499877929688,430.7999877929688,437.9500122070313,4159670,0.0,0.0,TMCV.NS
2026-01-21 13:15:00+05:30,437.9500122070313,437.9500122070313,433.5,433.5,1034878,0.0,0.0,TMCV.NS
2026-01-21 14:15:00+05:30,433.5499877929688,438.1000061035156,433.3500061035156,434.6000061035156,1151240,0.0,0.0,TMCV.NS
2026-01-21 15:15:00+05:30,434.7999877929688,436.75,433.0,434.8500061035156,752522,0.0,0.0,TMCV.NS
2026-01-22 09:15:00+05:30,437.9500122070313,453.6499938964844,437.9500122070313,440.7000122070313,0,0.0,0.0,TMCV.NS
2026-01-22 10:15:00+05:30,440.8500061035156,441.5499877929688,438.1000061035156,439.75,1277444,0.0,0.0,TMCV.NS
2026-01-22 11:15:00+05:30,439.9500122070313,443.0,435.9500122070313,442.8500061035156,1448889,0.0,0.0,TMCV.NS
2026-01-22 12:15:00+05:30,442.6000061035156,446.8999938964844,442.1000061035156,446.2000122070313,1044685,0.0,0.0,TMCV.NS
2026-01-22 13:15:00+05:30,446.2000122070313,446.75,442.0499877929688,442.6499938964844,1027288,0.0,0.0,TMCV.NS
2026-01-22 14:15:00+05:30,442.7000122070313,448.8999938964844,442.2000122070313,445.4500122070313,2816704,0.0,0.0,TMCV.NS
2026-01-22 15:15:00+05:30,445.7000122070313,446.25,442.25,443.5,1287376,0.0,0.0,TMCV.NS
2026-01-23 09:15:00+05:30,447.0,447.4500122070313,439.3999938964844,447.0,0,0.0,0.0,TMCV.NS
2026-01-23 10:15:00+05:30,447.25,456.3999938964844,445.25,454.8999938964844,2723848,0.0,0.0,TMCV.NS
2026-01-23 11:15:00+05:30,455.0,455.9500122070313,450.0,451.2999877929688,2016624,0.0,0.0,TMCV.NS
2026-01-23 12:15:00+05:30,451.25,452.5499877929688,447.7999877929688,449.0,1582693,0.0,0.0,TMCV.NS
2026-01-23 13:15:00+05:30,448.8999938964844,449.4500122070313,446.5499877929688,446.8500061035156,1185326,0.0,0.0,TMCV.NS
2026-01-23 14:15:00+05:30,446.8500061035156,450.0,446.0,449.3500061035156,1342221,0.0,0.0,TMCV.NS
2026-01-23 15:15:00+05:30,449.2999877929688,449.7000122070313,448.0499877929688,448.6499938964844,644197,0.0,0.0,TMCV.NS
2026-01-27 09:15:00+05:30,451.1000061035156,453.8999938964844,438.7999877929688,453.2000122070313,0,0.0,0.0,TMCV.NS
2026-01-27 10:15:00+05:30,453.2000122070313,454.2999877929688,450.0,450.9500122070313,1176605,0.0,0.0,TMCV.NS
2026-01-27 11:15:00+05:30,451.0,453.5499877929688,449.6499938964844,451.75,837636,0.0,0.0,TMCV.NS
2026-01-27 12:15:00+05:30,451.8999938964844,451.8999938964844,447.9500122070313,449.8500061035156,1124906,0.0,0.0,TMCV.NS
2026-01-27 13:15:00+05:30,449.75,449.9500122070313,444.5,444.6000061035156,1060801,0.0,0.0,TMCV.NS
2026-01-27 14:15:00+05:30,444.6000061035156,445.4500122070313,440.1000061035156,441.0,1687589,0.0,0.0,TMCV.NS
2026-01-27 15:15:00+05:30,441.0499877929688,446.0,440.25,444.9500122070313,3026686,0.0,0.0,TMCV.NS
2026-01-28 09:15:00+05:30,449.2999877929688,456.1000061035156,448.3999938964844,454.2000122070313,0,0.0,0.0,TMCV.NS
2026-01-28 10:15:00+05:30,454.3500061035156,460.25,453.9500122070313,456.0,1942610,0.0,0.0,TMCV.NS
2026-01-28 11:15:00+05:30,456.0,460.1000061035156,455.0,457.8500061035156,1321631,0.0,0.0,TMCV.NS
2026-01-28 12:15:00+05:30,457.8500061035156,458.2999877929688,454.8500061035156,457.75,1442835,0.0,0.0,TMCV.NS
2026-01-28 13:15:00+05:30,457.7999877929688,461.6000061035156,456.6499938964844,461.6000061035156,1676091,0.0,0.0,TMCV.NS
2026-01-28 14:15:00+05:30,461.5,470.1499938964844,461.5,466.6000061035156,2791659,0.0,0.0,TMCV.NS
2026-01-28 15:15:00+05:30,466.3500061035156,469.5,465.0499877929688,465.7999877929688,1514715,0.0,0.0,TMCV.NS
2026-01-29 09:15:00+05:30,473.5,473.5,460.7000122070313,462.3500061035156,1767967,0.0,0.0,TMCV.NS
2026-01-29 10:15:00+05:30,462.2000122070313,464.0,459.8500061035156,460.0,2157257,0.0,0.0,TMCV.NS
2026-01-29 11:15:00+05:30,459.9500122070313,465.5499877929688,459.7999877929688,464.3999938964844,1521987,0.0,0.0,TMCV.NS
2026-01-29 12:15:00+05:30,464.3999938964844,473.6499938964844,463.5,471.3500061035156,2222863,0.0,0.0,TMCV.NS
2026-01-29 13:15:00+05:30,471.3500061035156,474.5,468.5,474.1000061035156,1324122,0.0,0.0,TMCV.NS
2026-01-29 14:15:00+05:30,474.0499877929688,475.3999938964844,469.2000122070313,469.3500061035156,1905771,0.0,0.0,TMCV.NS
2026-01-29 15:15:00+05:30,469.5,471.2999877929688,468.6000061035156,470.2000122070313,0,0.0,0.0,TMCV.NS
2026-01-30 09:15:00+05:30,457.0,485.2999877929688,451.0,470.0,5548237,0.0,0.0,TMCV.NS
2026-01-30 10:15:00+05:30,470.5,470.5,458.6499938964844,459.6000061035156,2269387,0.0,0.0,TMCV.NS
2026-01-30 11:15:00+05:30,459.7999877929688,460.6000061035156,457.9500122070313,459.7000122070313,1104918,0.0,0.0,TMCV.NS
2026-01-30 12:15:00+05:30,459.6499938964844,461.5499877929688,454.8999938964844,458.4500122070313,1107151,0.0,0.0,TMCV.NS
2026-01-30 13:15:00+05:30,458.1499938964844,470.2000122070313,457.0,457.25,613444,0.0,0.0,TMCV.NS
2026-01-30 14:15:00+05:30,457.25,459.8500061035156,455.0499877929688,457.5,3129444,0.0,0.0,TMCV.NS
2026-01-30 15:15:00+05:30,457.5499877929688,460.0,456.75,457.0,2056135,0.0,0.0,TMCV.NS
2026-02-03 09:15:00+05:30,472.0,476.0,453.6000061035156,457.1000061035156,7598491,0.0,0.0,TMCV.NS
2026-02-03 10:15:00+05:30,456.8999938964844,459.6000061035156,454.0,456.3999938964844,1091042,0.0,0.0,TMCV.NS
2026-02-03 11:15:00+05:30,457.2000122070313,457.2000122070313,451.25,456.6000061035156,887545,0.0,0.0,TMCV.NS
2026-02-03 12:15:00+05:30,456.7999877929688,462.6499938964844,456.0499877929688,462.0,1001486,0.0,0.0,TMCV.NS
2026-02-03 13:15:00+05:30,462.25,466.8500061035156,460.0,460.0499877929688,1220857,0.0,0.0,TMCV.NS
2026-02-03 14:15:00+05:30,460.0,462.4500122070313,455.75,457.8999938964844,2134166,0.0,0.0,TMCV.NS
2026-02-03 15:15:00+05:30,457.7999877929688,461.0,456.5,459.75,983828,0.0,0.0,TMCV.NS
2026-02-04 09:15:00+05:30,464.0,472.2999877929688,463.0,470.1499938964844,0,0.0,0.0,TMCV.NS
2026-02-04 10:15:00+05:30,470.1000061035156,470.8999938964844,463.1000061035156,464.75,1137875,0.0,0.0,TMCV.NS
2026-02-04 11:15:00+05:30,464.75,464.75,460.1499938964844,461.3500061035156,1012753,0.0,0.0,TMCV.NS
2026-02-04 12:15:00+05:30,461.3999938964844,462.5,459.6000061035156,460.7999877929688,534261,0.0,0.0,TMCV.NS
2026-02-04 13:15:00+05:30,460.6499938964844,461.4500122070313,457.7999877929688,458.8999938964844,980911,0.0,0.0,TMCV.NS
2026-02-04 14:15:00+05:30,458.5499877929688,459.5,456.75,458.2000122070313,1327293,0.0,0.0,TMCV.NS
2026-02-04 15:15:00+05:30,458.1000061035156,460.0,457.5,459.8999938964844,711323,0.0,0.0,TMCV.NS
2026-02-05 09:15:00+05:30,461.5,465.5,458.1000061035156,460.5,0,0.0,0.0,TMCV.NS
2026-02-05 10:15:00+05:30,460.6499938964844,462.8500061035156,459.3999938964844,461.2999877929688,383800,0.0,0.0,TMCV.NS
2026-02-05 11:15:00+05:30,461.2999877929688,461.2999877929688,454.0499877929688,455.6499938964844,928135,0.0,0.0,TMCV.NS
2026-02-05 12:15:00+05:30,455.6499938964844,456.0499877929688,454.3999938964844,455.75,340859,0.0,0.0,TMCV.NS
2026-02-05 13:15:00+05:30,455.7999877929688,456.1000061035156,454.8999938964844,455.5499877929688,347203,0.0,0.0,TMCV.NS
2026-02-05 14:15:00+05:30,455.6000061035156,456.0,454.5499877929688,455.9500122070313,876866,0.0,0.0,TMCV.NS
2026-02-05 15:15:00+05:30,455.9500122070313,456.0,455.75,456.0,640746,0.0,0.0,TMCV.NS
2026-02-06 09:15:00+05:30,456.9500122070313,461.1499938964844,452.0,452.4500122070313,0,0.0,0.0,TMCV.NS
2026-02-06 10:15:00+05:30,452.4500122070313,453.9500122070313,447.6499938964844,448.7000122070313,671170,0.0,0.0,TMCV.NS
2026-02-06 11:15:00+05:30,448.5499877929688,451.6499938964844,448.5499877929688,449.75,926901,0.0,0.0,TMCV.NS
2026-02-06 12:15:00+05:30,449.9500122070313,453.75,448.7000122070313,449.6499938964844,3677313,0.0,0.0,TMCV.NS
2026-02-06 13:15:00+05:30,449.9500122070313,450.0,448.7999877929688,449.9500122070313,575989,0.0,0.0,TMCV.NS
2026-02-06 14:15:00+05:30,449.9500122070313,459.6000061035156,449.5,457.6000061035156,1141146,0.0,0.0,TMCV.NS
2026-02-06 15:15:00+05:30,457.6499938964844,459.4500122070313,456.2000122070313,458.3999938964844,561779,0.0,0.0,TMCV.NS
2026-02-09 09:15:00+05:30,459.6000061035156,468.5,457.3500061035156,465.3500061035156,0,0.0,0.0,TMCV.NS
2026-02-09 10:15:00+05:30,465.5,469.3500061035156,464.1000061035156,467.7000122070313,1386834,0.0,0.0,TMCV.NS
2026-02-09 11:15:00+05:30,467.75,472.8999938964844,465.7000122070313,471.1499938964844,1626988,0.0,0.0,TMCV.NS
2026-02-09 12:15:00+05:30,470.8500061035156,471.5,468.2000122070313,469.9500122070313,1247305,0.0,0.0,TMCV.NS
2026-02-09 13:15:00+05:30,469.6499938964844,470.8999938964844,468.6000061035156,469.25,521241,0.0,0.0,TMCV.NS
2026-02-09 14:15:00+05:30,469.0,469.2999877929688,466.2999877929688,466.5,1688313,0.0,0.0,TMCV.NS
2026-02-09 15:15:00+05:30,466.4500122070313,468.0,465.75,466.7999877929688,655614,0.0,0.0,TMCV.NS
2026-02-10 09:15:00+05:30,469.9500122070313,476.8999938964844,469.8500061035156,470.5499877929688,0,0.0,0.0,TMCV.NS
2026-02-10 10:15:00+05:30,470.4500122070313,470.6499938964844,468.75,469.7999877929688,493900,0.0,0.0,TMCV.NS
2026-02-10 11:15:00+05:30,469.8500061035156,472.0,468.0,471.7000122070313,641483,0.0,0.0,TMCV.NS
2026-02-10 12:15:00+05:30,471.6499938964844,472.6000061035156,470.9500122070313,472.2000122070313,502136,0.0,0.0,TMCV.NS
2026-02-10 13:15:00+05:30,472.0499877929688,472.3500061035156,470.8999938964844,471.4500122070313,330928,0.0,0.0,TMCV.NS
2026-02-10 14:15:00+05:30,471.4500122070313,473.8999938964844,471.2000122070313,473.0,661539,0.0,0.0,TMCV.NS
2026-02-10 15:15:00+05:30,473.0,473.5,470.6499938964844,471.0,468116,0.0,0.0,TMCV.NS
2026-02-11 09:15:00+05:30,487.8999938964844,491.1499938964844,479.2999877929688,484.25,788021,0.0,0.0,TMCV.NS
2026-02-11 10:15:00+05:30,484.25,486.9500122070313,480.6000061035156,483.6000061035156,1917764,0.0,0.0,TMCV.NS
2026-02-11 11:15:00+05:30,483.6000061035156,497.5499877929688,483.2000122070313,490.0499877929688,5032586,0.0,0.0,TMCV.NS
2026-02-11 12:15:00+05:30,490.0499877929688,493.0,489.0,490.2000122070313,1548962,0.0,0.0,TMCV.NS
2026-02-11 13:15:00+05:30,490.2000122070313,491.0,484.7000122070313,487.6499938964844,2119906,0.0,0.0,TMCV.NS
2026-02-11 14:15:00+05:30,487.5499877929688,490.8500061035156,484.75,487.25,2198876,0.0,0.0,TMCV.NS
2026-02-11 15:15:00+05:30,487.25,488.7999877929688,486.0,486.7000122070313,774191,0.0,0.0,TMCV.NS
2026-02-12 09:15:00+05:30,490.9500122070313,497.25,483.6499938964844,491.9500122070313,0,0.0,0.0,TMCV.NS
2026-02-12 10:15:00+05:30,491.9500122070313,500.0,491.8999938964844,497.3500061035156,3001441,0.0,0.0,TMCV.NS
2026-02-12 11:15:00+05:30,497.3999938964844,497.8999938964844,491.5,493.6499938964844,1548687,0.0,0.0,TMCV.NS
2026-02-12 12:15:00+05:30,493.6499938964844,493.7999877929688,491.6000061035156,493.0,966943,0.0,0.0,TMCV.NS
2026-02-12 13:15:00+05:30,493.1499938964844,496.2000122070313,490.5499877929688,495.1499938964844,1673986,0.0,0.0,TMCV.NS
2026-02-12 14:15:00+05:30,495.2000122070313,499.5,494.6499938964844,499.25,2388006,0.0,0.0,TMCV.NS
2026-02-12 15:15:00+05:30,499.25,500.0,495.1000061035156,495.3500061035156,1557799,0.0,0.0,TMCV.NS
2026-02-13 09:15:00+05:30,494.0,498.8500061035156,485.7000122070313,487.9500122070313,0,0.0,0.0,TMCV.NS
2026-02-13 10:15:00+05:30,487.75,489.7999877929688,486.1499938964844,486.8500061035156,698434,0.0,0.0,TMCV.NS
2026-02-13 11:15:00+05:30,486.8500061035156,487.25,484.5,486.25,796234,0.0,0.0,TMCV.NS
2026-02-13 12:15:00+05:30,486.2000122070313,486.8999938964844,481.9500122070313,484.0,874698,0.0,0.0,TMCV.NS
2026-02-13 13:15:00+05:30,483.9500122070313,485.5,481.7999877929688,484.9500122070313,608002,0.0,0.0,TMCV.NS
2026-02-13 14:15:00+05:30,485.0,485.1000061035156,483.25,484.1000061035156,1117956,0.0,0.0,TMCV.NS
2026-02-13 15:15:00+05:30,484.0499877929688,485.6000061035156,482.25,484.1000061035156,1022345,0.0,0.0,TMCV.NS
2026-02-16 09:15:00+05:30,483.8999938964844,490.4500122070313,482.6000061035156,485.0,0,0.0,0.0,TMCV.NS
2026-02-16 10:15:00+05:30,485.0,485.2000122070313,482.7000122070313,483.75,453714,0.0,0.0,TMCV.NS
2026-02-16 11:15:00+05:30,483.75,485.0,482.1000061035156,484.0,497467,0.0,0.0,TMCV.NS
2026-02-16 12:15:00+05:30,484.0,484.7000122070313,483.2999877929688,483.5499877929688,214992,0.0,0.0,TMCV.NS
2026-02-16 13:15:00+05:30,483.6000061035156,484.0,481.4500122070313,482.0499877929688,297019,0.0,0.0,TMCV.NS
2026-02-16 14:15:00+05:30,481.8500061035156,482.3500061035156,477.6499938964844,478.2999877929688,1279439,0.0,0.0,TMCV.NS
2026-02-16 15:15:00+05:30,478.3500061035156,480.0,476.8999938964844,479.25,498419,0.0,0.0,TMCV.NS
2026-02-17 09:15:00+05:30,482.4500122070313,486.75,481.1000061035156,481.8999938964844,0,0.0,0.0,TMCV.NS
2026-02-17 10:15:00+05:30,481.7999877929688,483.8999938964844,479.3999938964844,479.5499877929688,1265872,0.0,0.0,TMCV.NS
2026-02-17 11:15:00+05:30,479.6499938964844,485.0,479.5499877929688,482.75,797738,0.0,0.0,TMCV.NS
2026-02-17 12:15:00+05:30,482.75,487.25,482.2999877929688,485.7999877929688,817517,0.0,0.0,TMCV.NS
2026-02-17 13:15:00+05:30,485.8999938964844,487.3999938964844,484.5,485.2000122070313,571169,0.0,0.0,TMCV.NS
2026-02-17 14:15:00+05:30,485.2999877929688,490.2999877929688,484.8999938964844,489.5499877929688,1217245,0.0,0.0,TMCV.NS
2026-02-17 15:15:00+05:30,489.8999938964844,490.75,489.3999938964844,489.6000061035156,484969,0.0,0.0,TMCV.NS
2026-02-18 09:15:00+05:30,490.5,498.7000122070313,488.3999938964844,494.8500061035156,0,0.0,0.0,TMCV.NS
2026-02-18 10:15:00+05:30,494.75,497.7999877929688,493.8999938964844,494.0,1789416,0.0,0.0,TMCV.NS
2026-02-18 11:15:00+05:30,493.8500061035156,496.0,493.1499938964844,495.8500061035156,929457,0.0,0.0,TMCV.NS
2026-02-18 12:15:00+05:30,495.8999938964844,497.0,495.2999877929688,496.2000122070313,358982,0.0,0.0,TMCV.NS
2026-02-18 13:15:00+05:30,496.1499938964844,496.2000122070313,492.75,493.9500122070313,527045,0.0,0.0,TMCV.NS
2026-02-18 14:15:00+05:30,493.9500122070313,495.5,485.5,489.1000061035156,1178044,0.0,0.0,TMCV.NS
2026-02-18 15:15:00+05:30,489.1000061035156,489.5499877929688,487.5499877929688,487.5499877929688,524564,0.0,0.0,TMCV.NS
2026-02-19 09:15:00+05:30,489.5,489.5,482.3999938964844,483.2999877929688,0,0.0,0.0,TMCV.NS
2026-02-19 10:15:00+05:30,483.4500122070313,484.0,480.6000061035156,483.7000122070313,1093097,0.0,0.0,TMCV.NS
2026-02-19 11:15:00+05:30,483.7000122070313,484.0,478.0,478.2000122070313,573658,0.0,0.0,TMCV.NS
2026-02-19 12:15:00+05:30,478.0,480.0,478.0,480.0,369968,0.0,0.0,TMCV.NS
2026-02-19 13:15:00+05:30,480.0,480.0,477.0,478.1499938964844,659480,0.0,0.0,TMCV.NS
2026-02-19 14:15:00+05:30,478.1499938964844,478.2000122070313,474.3999938964844,474.6000061035156,1098365,0.0,0.0,TMCV.NS
2026-02-19 15:15:00+05:30,474.6000061035156,477.0499877929688,471.25,476.2000122070313,890971,0.0,0.0,TMCV.NS
2026-02-20 09:15:00+05:30,476.1000061035156,480.7000122070313,473.2000122070313,475.4500122070313,905094,0.0,0.0,TMCV.NS
2026-02-20 10:15:00+05:30,475.75,479.5499877929688,475.75,478.7000122070313,1062191,0.0,0.0,TMCV.NS
2026-02-20 11:15:00+05:30,478.6499938964844,482.8999938964844,478.6000061035156,480.7999877929688,706233,0.0,0.0,TMCV.NS
2026-02-20 12:15:00+05:30,480.8500061035156,482.0,474.3999938964844,475.0499877929688,932069,0.0,0.0,TMCV.NS
2026-02-20 13:15:00+05:30,475.2000122070313,477.0499877929688,474.6499938964844,474.7999877929688,386868,0.0,0.0,TMCV.NS
2026-02-20 14:15:00+05:30,474.8999938964844,475.1499938964844,471.1499938964844,472.7999877929688,819007,0.0,0.0,TMCV.NS
2026-02-20 15:15:00+05:30,472.8500061035156,475.0,472.3500061035156,475.0,527047,0.0,0.0,TMCV.NS
2026-02-23 09:15:00+05:30,478.95001220703125,485.75,476.3500061035156,481.79998779296875,0,0.0,0.0,TMCV.NS
2026-02-23 10:15:00+05:30,481.75,483.95001220703125,481.25,483.3999938964844,432243,0.0,0.0,TMCV.NS
2026-02-23 11:15:00+05:30,483.45001220703125,483.8500061035156,481.3500061035156,481.8999938964844,419196,0.0,0.0,TMCV.NS
2026-02-23 12:15:00+05:30,481.8999938964844,482.3500061035156,477.54998779296875,477.8999938964844,406395,0.0,0.0,TMCV.NS
2026-02-23 13:15:00+05:30,477.8999938964844,482.0,472.0,480.29998779296875,1191385,0.0,0.0,TMCV.NS
2026-02-23 14:15:00+05:30,480.20001220703125,481.75,478.1499938964844,479.1499938964844,917995,0.0,0.0,TMCV.NS
2026-02-23 15:15:00+05:30,479.20001220703125,480.75,478.70001220703125,479.6000061035156,574597,0.0,0.0,TMCV.NS
