Date,Open,High,Low,Close,Volume,Dividends,Stock Splits,Symbol
2023-10-18 00:00:00+05:30,628.2857151554584,631.0620527247204,622.4894400892936,624.53515625,308332,0.0,0.0,ARE&M.NS
2023-10-19 00:00:00+05:30,623.7559622198927,624.5352799851287,619.6644696297365,621.0283203125,175886,0.0,0.0,ARE&M.NS
2023-10-20 00:00:00+05:30,619.6156831283123,621.6127031913934,608.2667323288817,611.8223876953125,361065,0.0,0.0,ARE&M.NS
2023-10-23 00:00:00+05:30,611.8710757939442,613.7220072180103,599.5966594328339,601.2527465820312,335280,0.0,0.0,ARE&M.NS
2023-10-25 00:00:00+05:30,601.2527680131557,606.9028954369951,589.4166765259571,594.9207153320312,351799,0.0,0.0,ARE&M.NS
2023-10-26 00:00:00+05:30,595.066815660602,595.066815660602,583.5230200980078,588.5399780273438,450074,0.0,0.0,ARE&M.NS
2023-10-27 00:00:00+05:30,593.3132824254029,607.3899335139423,593.3132824254029,604.9545288085938,191571,0.0,0.0,ARE&M.NS
2023-10-30 00:00:00+05:30,604.9545378248762,627.3602614480197,601.4475787801554,614.939697265625,503388,0.0,0.0,ARE&M.NS
2023-10-31 00:00:00+05:30,615.6216773262091,617.5700012930881,593.2646479146471,597.3561401367188,428617,0.0,0.0,ARE&M.NS
2023-11-01 00:00:00+05:30,611.7737042895692,619.0799189108618,600.083760895501,601.9346923828125,676585,0.0,0.0,ARE&M.NS
2023-11-02 00:00:00+05:30,604.9545904363243,608.9486307767265,601.155334925695,602.0321044921875,229449,0.0,0.0,ARE&M.NS
2023-11-03 00:00:00+05:30,605.2954715410575,606.8541662527368,602.5678301182732,605.0032348632812,192600,0.0,0.0,ARE&M.NS
2023-11-06 00:00:00+05:30,608.8025804237242,616.5471805541381,605.9287905063841,612.7479248046875,278018,0.0,0.0,ARE&M.NS
2023-11-07 00:00:00+05:30,613.6732992190409,618.3979606386457,611.7736716272997,615.8164672851562,344096,0.0,0.0,ARE&M.NS
2023-11-08 00:00:00+05:30,617.5699857877714,624.4378157069636,614.5013518337297,618.9337768554688,300572,0.0,0.0,ARE&M.NS
2023-11-09 00:00:00+05:30,620.4925352762671,621.9050821532265,609.9228412628622,614.8424072265625,308887,0.0,0.0,ARE&M.NS
2023-11-10 00:00:00+05:30,617.5418121223282,618.9161145340719,614.0570466164319,616.6093139648438,136433,4.8,0.0,ARE&M.NS
2023-11-13 00:00:00+05:30,628.1925349447948,630.4011968350434,622.4009086892943,627.7017211914062,267377,0.0,0.0,ARE&M.NS
2023-11-15 00:00:00+05:30,630.1557317021421,640.2174127164325,624.4131753701067,630.6465454101562,408571,0.0,0.0,ARE&M.NS
2023-11-16 00:00:00+05:30,633.002473639729,636.6835767893292,628.7814873442785,630.5975341796875,279419,0.0,0.0,ARE&M.NS
2023-11-17 00:00:00+05:30,630.5975187550393,636.0946086917995,625.0022301217523,627.456298828125,336206,0.0,0.0,ARE&M.NS
2023-11-20 00:00:00+05:30,630.1558092652623,634.3277262968858,627.2599960487893,628.9778442382812,203779,0.0,0.0,ARE&M.NS
2023-11-21 00:00:00+05:30,631.1864764055626,646.6961787730507,629.2232214245189,643.0150756835938,969614,0.0,0.0,ARE&M.NS
2023-11-22 00:00:00+05:30,647.8740623745921,647.8740623745921,636.1436033533871,638.8430786132812,338176,0.0,0.0,ARE&M.NS
2023-11-23 00:00:00+05:30,639.4321642228848,657.5922725967893,634.376758737067,654.5001220703125,1480523,0.0,0.0,ARE&M.NS
2023-11-24 00:00:00+05:30,657.7394287915151,672.2675023597761,650.8680369768447,666.2305297851562,1473762,0.0,0.0,ARE&M.NS
2023-11-28 00:00:00+05:30,670.4515251034418,691.016631450645,665.1998423935472,687.6300048828125,1692623,0.0,0.0,ARE&M.NS
2023-11-29 00:00:00+05:30,694.4032805438864,694.9922330470564,676.1940434560466,682.1820068359375,798352,0.0,0.0,ARE&M.NS
2023-11-30 00:00:00+05:30,684.1943510524256,698.5260882423851,677.3229587176093,697.0045776367188,1220184,0.0,0.0,ARE&M.NS
2023-12-01 00:00:00+05:30,703.0416145507409,784.762102422543,702.8452770715949,755.06787109375,7991523,0.0,0.0,ARE&M.NS
2023-12-04 00:00:00+05:30,773.522467752008,775.7311296205892,749.8161397303876,754.2825927734375,1535233,0.0,0.0,ARE&M.NS
2023-12-05 00:00:00+05:30,760.7612562818402,764.687765991682,737.7911505137525,743.7791137695312,887431,0.0,0.0,ARE&M.NS
2023-12-06 00:00:00+05:30,745.9877567000275,749.6688594603272,735.7297383585693,737.6929931640625,548297,0.0,0.0,ARE&M.NS
2023-12-07 00:00:00+05:30,738.183815174006,760.5649082257805,738.183815174006,751.337646484375,840651,0.0,0.0,ARE&M.NS
2023-12-08 00:00:00+05:30,755.7550426783359,755.8531814636601,735.435341271815,737.987548828125,503716,0.0,0.0,ARE&M.NS
2023-12-11 00:00:00+05:30,740.5397995805481,753.8408400362632,740.5397995805481,745.4479370117188,357677,0.0,0.0,ARE&M.NS
2023-12-12 00:00:00+05:30,749.4725475833599,753.5463254093462,739.1654595026457,741.9630737304688,326825,0.0,0.0,ARE&M.NS
2023-12-13 00:00:00+05:30,752.90823050014,770.4793852687203,749.4725345330598,762.037353515625,884760,0.0,0.0,ARE&M.NS
2023-12-14 00:00:00+05:30,768.1234277967867,770.5774962562014,753.987969505046,755.8040161132812,431709,0.0,0.0,ARE&M.NS
2023-12-15 00:00:00+05:30,760.2704221120421,765.5712340432166,749.0307763872808,751.1903686523438,352696,0.0,0.0,ARE&M.NS
2023-12-18 00:00:00+05:30,754.7733486452007,774.9457801819754,743.2392264381695,766.8964233398438,965918,0.0,0.0,ARE&M.NS
2023-12-19 00:00:00+05:30,775.4365763260022,784.9092447842302,763.951523767493,767.5835571289062,846627,0.0,0.0,ARE&M.NS
2023-12-20 00:00:00+05:30,769.595894577398,772.04996311878,724.2446959499019,730.1344604492188,935363,0.0,0.0,ARE&M.NS
2023-12-21 00:00:00+05:30,718.1095224497726,751.1903782714687,715.1155708209931,748.4418334960938,661832,0.0,0.0,ARE&M.NS
2023-12-22 00:00:00+05:30,750.9940630624509,756.7366195505745,742.6502297994168,746.8712158203125,329761,0.0,0.0,ARE&M.NS
2023-12-26 00:00:00+05:30,749.9633538417804,773.5224120776479,748.981726415286,755.3623046875,733036,0.0,0.0,ARE&M.NS
2023-12-27 00:00:00+05:30,760.810382230075,805.327225323115,754.8715478351954,796.8851928710938,2543721,0.0,0.0,ARE&M.NS
2023-12-28 00:00:00+05:30,801.4988411912794,808.8610473259207,790.2101251181629,805.3762817382812,1681465,0.0,0.0,ARE&M.NS
2023-12-29 00:00:00+05:30,805.8179940543978,815.7324072893928,794.9218934600233,801.0079956054688,1034777,0.0,0.0,ARE&M.NS
2024-01-01 00:00:00+05:30,804.5909712987686,812.3948616722598,801.6460889197047,809.8917236328125,527034,0.0,0.0,ARE&M.NS
2024-01-02 00:00:00+05:30,813.720113535378,818.4809828596036,792.5660532719697,800.5172119140625,579382,0.0,0.0,ARE&M.NS
2024-01-03 00:00:00+05:30,800.5171925784259,804.8363773622664,792.222428569565,796.3452758789062,306106,0.0,0.0,ARE&M.NS
2024-01-04 00:00:00+05:30,797.0814135616862,811.7567545256577,796.639669268459,801.793212890625,401353,0.0,0.0,ARE&M.NS
2024-01-05 00:00:00+05:30,806.5542299891165,827.5119523859267,803.0694045599029,819.60986328125,1134799,0.0,0.0,ARE&M.NS
2024-01-08 00:00:00+05:30,824.5670552612329,824.5670552612329,805.9161337731812,811.6586303710938,388195,0.0,0.0,ARE&M.NS
2024-01-09 00:00:00+05:30,815.4869806964241,820.9350009048985,795.6090254040948,799.7318725585938,323406,0.0,0.0,ARE&M.NS
2024-01-10 00:00:00+05:30,803.7074223027902,806.5050363874311,792.4677767501202,798.3084716796875,332578,0.0,0.0,ARE&M.NS
2024-01-11 00:00:00+05:30,800.0262868539004,807.1430851111896,776.7126373903665,782.3569946289062,575890,0.0,0.0,ARE&M.NS
2024-01-12 00:00:00+05:30,784.3203434823818,792.0260951067758,783.3387160186991,787.7069702148438,793857,0.0,0.0,ARE&M.NS
2024-01-15 00:00:00+05:30,798.0630697622189,808.6155642270945,795.1181875859746,800.32080078125,686050,0.0,0.0,ARE&M.NS
2024-01-16 00:00:00+05:30,803.5111275863795,809.6462990753625,782.602475134682,789.3265991210938,592624,0.0,0.0,ARE&M.NS
2024-01-17 00:00:00+05:30,788.197809405932,794.5293187339532,778.4306038440468,782.3080444335938,499342,0.0,0.0,ARE&M.NS
2024-01-19 00:00:00+05:30,803.0694513667188,805.4253813838142,790.4555616810682,801.9896850585938,429122,0.0,0.0,ARE&M.NS
2024-01-23 00:00:00+05:30,803.4130348480934,803.4130348480934,773.0316519108706,775.5347900390625,460112,0.0,0.0,ARE&M.NS
2024-01-24 00:00:00+05:30,775.5347781817064,790.1119822002805,763.5589109492731,785.0075073242188,396236,0.0,0.0,ARE&M.NS
2024-01-25 00:00:00+05:30,789.9155598541821,801.0079371978175,787.3142233475252,798.1611938476562,532634,0.0,0.0,ARE&M.NS
2024-01-29 00:00:00+05:30,799.7319099113204,826.0395140627052,798.9956893105515,822.5547485351562,841301,0.0,0.0,ARE&M.NS
2024-01-30 00:00:00+05:30,824.5670272245775,832.4200465314782,814.5544156255224,822.8001098632812,583008,0.0,0.0,ARE&M.NS
2024-01-31 00:00:00+05:30,826.5302635314164,883.46465223073,824.8124155965234,872.7158203125,3053110,0.0,0.0,ARE&M.NS
2024-02-01 00:00:00+05:30,883.4646586472078,883.4646586472078,858.9730430719538,864.1265869140625,843309,0.0,0.0,ARE&M.NS
2024-02-02 00:00:00+05:30,868.8384015619488,886.9494393621064,860.2000922876251,878.8510131835938,785482,0.0,0.0,ARE&M.NS
2024-02-05 00:00:00+05:30,887.2930712950989,898.7289950784243,869.7709854576447,874.4337158203125,635018,0.0,0.0,ARE&M.NS
2024-02-06 00:00:00+05:30,874.630083402908,898.1891428885082,868.6912491403369,871.047119140625,551855,0.0,0.0,ARE&M.NS
2024-02-07 00:00:00+05:30,876.5932818384896,884.1027555308385,865.7953802704903,869.1820068359375,298380,0.0,0.0,ARE&M.NS
2024-02-08 00:00:00+05:30,876.3478579356163,879.1946013500376,857.9423442573269,862.163330078125,325559,0.0,0.0,ARE&M.NS
2024-02-09 00:00:00+05:30,863.8321259139764,868.4948561390803,839.389579294761,854.7030029296875,354094,0.0,0.0,ARE&M.NS
2024-02-12 00:00:00+05:30,854.7030240129884,858.3841269130842,827.5119319415244,829.9169311523438,348963,0.0,0.0,ARE&M.NS
2024-02-13 00:00:00+05:30,830.358637555348,836.5919475492815,795.2163288765794,829.327880859375,439927,0.0,0.0,ARE&M.NS
2024-02-14 00:00:00+05:30,817.7446838313754,849.1076908699644,814.6034642060944,843.708740234375,340948,0.0,0.0,ARE&M.NS
2024-02-15 00:00:00+05:30,848.0279850990281,856.9117016129238,842.7271728592682,848.518798828125,231871,0.0,0.0,ARE&M.NS
2024-02-16 00:00:00+05:30,850.1384618185757,862.7524108069111,844.1996275840268,846.8009643554688,196281,0.0,0.0,ARE&M.NS
2024-02-19 00:00:00+05:30,849.9420950098693,853.7704659916143,837.524543841389,839.5859375,194188,0.0,0.0,ARE&M.NS
2024-02-20 00:00:00+05:30,839.5859189926806,852.0525991893832,833.4016782393852,836.3956298828125,333936,0.0,0.0,ARE&M.NS
2024-02-21 00:00:00+05:30,844.1505942054922,870.9490134044086,822.6529276436887,827.0702514648438,751374,0.0,0.0,ARE&M.NS
2024-02-22 00:00:00+05:30,830.4568582712935,834.3833682394793,813.4747146416476,819.0208740234375,268289,0.0,0.0,ARE&M.NS
2024-02-23 00:00:00+05:30,825.5977940920359,844.199647136701,819.6098903278604,839.3896484375,456940,0.0,0.0,ARE&M.NS
2024-02-26 00:00:00+05:30,841.2547249759492,842.8253049310439,822.2111284730568,826.186767578125,249568,0.0,0.0,ARE&M.NS
2024-02-27 00:00:00+05:30,827.6101145788439,834.3833682394793,814.7508183985505,819.0208740234375,579709,0.0,0.0,ARE&M.NS
2024-02-28 00:00:00+05:30,819.658879250783,828.3953870789687,812.8365568359393,818.775390625,298031,0.0,0.0,ARE&M.NS
2024-02-29 00:00:00+05:30,818.1864346266161,827.511894889307,802.0877213655108,823.5363159179688,428101,0.0,0.0,ARE&M.NS
2024-03-01 00:00:00+05:30,827.4627930208785,833.352557166117,825.0577940121503,830.751220703125,205415,0.0,0.0,ARE&M.NS
2024-03-04 00:00:00+05:30,836.0030050680441,842.0399776723264,826.8738222526721,832.3709716796875,355798,0.0,0.0,ARE&M.NS
2024-03-05 00:00:00+05:30,832.3709977735912,844.0523283338541,829.4751848496433,834.7268676757812,447937,0.0,0.0,ARE&M.NS
2024-03-06 00:00:00+05:30,839.0951413564607,841.5982793982882,824.6161363122942,832.1256103515625,381842,0.0,0.0,ARE&M.NS
2024-03-07 00:00:00+05:30,829.5242130143126,868.7402391839606,829.5242130143126,853.3777465820312,771532,0.0,0.0,ARE&M.NS
2024-03-11 00:00:00+05:30,855.9791778536185,878.703878387151,848.12615787331,865.5009765625,1034457,0.0,0.0,ARE&M.NS
2024-03-12 00:00:00+05:30,865.7463051472977,873.4520563406278,822.6037685491077,825.6467895507812,704960,0.0,0.0,ARE&M.NS
2024-03-13 00:00:00+05:30,825.6468620842718,834.9232538948387,749.9634061848021,768.7615966796875,1498948,0.0,0.0,ARE&M.NS
2024-03-14 00:00:00+05:30,768.7615959717938,799.1429189832324,758.0618323205628,784.2222290039062,787643,0.0,0.0,ARE&M.NS
2024-03-15 00:00:00+05:30,785.3019514687687,795.4617715003823,766.5037620399714,777.743408203125,796537,0.0,0.0,ARE&M.NS
2024-03-18 00:00:00+05:30,780.3938328838667,792.0752236560703,770.5775582563967,774.1605224609375,519444,0.0,0.0,ARE&M.NS
2024-03-19 00:00:00+05:30,779.3140418452382,779.3140418452382,750.405102004366,756.3930053710938,558777,0.0,0.0,ARE&M.NS
2024-03-20 00:00:00+05:30,756.39309571365,765.5713492428232,724.1466547024264,734.6009521484375,616995,0.0,0.0,ARE&M.NS
2024-03-21 00:00:00+05:30,744.0736162338093,755.6568083032408,737.4476308649727,742.2576293945312,1033222,0.0,0.0,ARE&M.NS
2024-03-22 00:00:00+05:30,742.8956622721431,768.9578597918536,742.2576403606558,763.7061767578125,463791,0.0,0.0,ARE&M.NS
2024-03-26 00:00:00+05:30,764.6877517296119,770.0867024799494,749.963340592328,759.9759521484375,986637,0.0,0.0,ARE&M.NS
2024-03-27 00:00:00+05:30,761.4975258496133,772.2954282464495,753.1046227875571,756.1476440429688,328784,0.0,0.0,ARE&M.NS
2024-03-28 00:00:00+05:30,759.7796752936213,770.5775776556753,742.110380519351,746.4295654296875,687394,0.0,0.0,ARE&M.NS
2024-04-01 00:00:00+05:30,758.797995590114,783.7313560213308,754.1843347337824,780.393798828125,374397,0.0,0.0,ARE&M.NS
2024-04-02 00:00:00+05:30,780.393795950558,789.1303039210521,773.8168802786583,780.3447265625,271242,0.0,0.0,ARE&M.NS
2024-04-03 00:00:00+05:30,783.3386871478161,795.0200775006215,779.5594455174408,789.1793823242188,351830,0.0,0.0,ARE&M.NS
2024-04-04 00:00:00+05:30,793.204053151213,799.5355622196876,790.2101013957624,793.400390625,355204,0.0,0.0,ARE&M.NS
2024-04-05 00:00:00+05:30,797.0323862699831,799.0447104745397,786.8234372566383,795.7071533203125,235318,0.0,0.0,ARE&M.NS
2024-04-08 00:00:00+05:30,797.0815366630578,863.832207221048,793.449502899939,853.0833740234375,4861373,0.0,0.0,ARE&M.NS
2024-04-09 00:00:00+05:30,862.997780707603,904.0297953776579,856.7644105668602,881.0106201171875,3261187,0.0,0.0,ARE&M.NS
2024-04-10 00:00:00+05:30,888.3728035907528,888.8636172943941,857.1079946343149,862.3106079101562,625163,0.0,0.0,ARE&M.NS
2024-04-12 00:00:00+05:30,862.3106140810486,881.5014180480007,850.0893407901655,874.9735717773438,1131749,0.0,0.0,ARE&M.NS
2024-04-15 00:00:00+05:30,849.1077195153609,872.519509550358,834.3833081942853,856.71533203125,1157710,0.0,0.0,ARE&M.NS
2024-04-16 00:00:00+05:30,850.0403189417613,960.9151535713451,846.16287845564,950.1663208007812,11323710,0.0,0.0,ARE&M.NS
2024-04-18 00:00:00+05:30,957.0867819123629,1032.3775608251067,954.927189498624,975.2959594726562,10832910,0.0,0.0,ARE&M.NS
2024-04-19 00:00:00+05:30,958.1174692034841,1016.0825586643493,948.7429389544615,986.73193359375,6039615,0.0,0.0,ARE&M.NS
2024-04-22 00:00:00+05:30,1001.2599944040363,1028.7455628778725,994.7321479259864,1022.266845703125,4179810,0.0,0.0,ARE&M.NS
2024-04-23 00:00:00+05:30,1031.5431036502616,1177.9528506817608,1027.322177831855,1138.884033203125,14337920,0.0,0.0,ARE&M.NS
2024-04-24 00:00:00+05:30,1152.4305812778423,1182.2720785575345,1087.2504971787273,1112.4783935546875,6863325,0.0,0.0,ARE&M.NS
2024-04-25 00:00:00+05:30,1111.9385318530603,1128.8716059421934,1073.4096531285118,1085.7291259765625,1739512,0.0,0.0,ARE&M.NS
2024-04-26 00:00:00+05:30,1090.4900945339207,1119.8407829246742,1050.0960959497254,1092.1588134765625,2112943,0.0,0.0,ARE&M.NS
2024-04-29 00:00:00+05:30,1102.0731770404784,1103.9382933079858,1074.8821424635287,1080.7227783203125,651565,0.0,0.0,ARE&M.NS
2024-04-30 00:00:00+05:30,1086.1707197297912,1117.779074126194,1075.17654076432,1079.49560546875,840798,0.0,0.0,ARE&M.NS
2024-05-02 00:00:00+05:30,1070.9555109108346,1109.238980136795,1070.9555109108346,1095.20166015625,846621,0.0,0.0,ARE&M.NS
2024-05-03 00:00:00+05:30,1100.4043704440726,1113.901747869234,1089.6064685039435,1107.3739013671875,863363,0.0,0.0,ARE&M.NS
2024-05-06 00:00:00+05:30,1116.1104037393268,1118.0736586271707,1065.6547291562215,1101.484130859375,1244374,0.0,0.0,ARE&M.NS
2024-05-07 00:00:00+05:30,1099.4228128008183,1151.6944777844287,1060.6976554059631,1086.219970703125,2159167,0.0,0.0,ARE&M.NS
2024-05-08 00:00:00+05:30,1089.6556319904957,1139.6695041602095,1083.4713309361164,1111.791259765625,1825556,0.0,0.0,ARE&M.NS
2024-05-09 00:00:00+05:30,1112.1839100656396,1121.0185571888442,1065.0657920752153,1072.7225341796875,1004367,0.0,0.0,ARE&M.NS
2024-05-10 00:00:00+05:30,1072.7226457267868,1083.5695583705399,1038.414690600953,1052.255615234375,1127758,0.0,0.0,ARE&M.NS
2024-05-13 00:00:00+05:30,1050.341338615963,1058.6851716797346,994.7321213489597,1045.97314453125,1255490,0.0,0.0,ARE&M.NS
2024-05-14 00:00:00+05:30,1045.9730648256964,1079.7900789114929,1035.616848410568,1070.7591552734375,776471,0.0,0.0,ARE&M.NS
2024-05-15 00:00:00+05:30,1082.2442618042146,1119.006161813838,1074.882055941601,1102.514892578125,1067513,0.0,0.0,ARE&M.NS
2024-05-16 00:00:00+05:30,1107.2756750400224,1133.2396710848925,1099.569924139343,1112.7237548828125,953323,0.0,0.0,ARE&M.NS
2024-05-17 00:00:00+05:30,1120.1841416817106,1146.5408136463382,1111.2022269243619,1133.6815185546875,800449,0.0,0.0,ARE&M.NS
2024-05-21 00:00:00+05:30,1142.6142806116245,1162.1976990879896,1117.7300502700023,1135.2520751953125,889231,0.0,0.0,ARE&M.NS
2024-05-22 00:00:00+05:30,1141.632694593755,1143.448681363408,1102.2694588402576,1119.4969482421875,643118,0.0,0.0,ARE&M.NS
2024-05-23 00:00:00+05:30,1128.5770893429383,1128.5770893429383,1088.7230367899504,1093.7784423828125,756803,0.0,0.0,ARE&M.NS
2024-05-24 00:00:00+05:30,1099.9627067729832,1215.2548049139616,1095.3981150830346,1187.91650390625,5702051,0.0,0.0,ARE&M.NS
2024-05-27 00:00:00+05:30,1202.4936224247617,1245.5870913081915,1166.8114886962837,1199.1070556640625,3433051,0.0,0.0,ARE&M.NS
2024-05-28 00:00:00+05:30,1208.3834176927737,1254.0290951279596,1195.6222605603562,1224.7275390625,3497245,0.0,0.0,ARE&M.NS
2024-05-29 00:00:00+05:30,1224.7275996450326,1254.5199709200679,1170.6889567224914,1190.8614501953125,3772435,0.0,0.0,ARE&M.NS
2024-05-30 00:00:00+05:30,1196.4077051309807,1219.181416345861,1160.6764383675663,1168.1859130859375,1382776,0.0,0.0,ARE&M.NS
2024-05-31 00:00:00+05:30,1180.8977650391073,1202.4935678910279,1150.4673155659466,1159.6455078125,1910005,0.0,0.0,ARE&M.NS
2024-06-03 00:00:00+05:30,1227.0344005846805,1227.0344005846805,1165.4372736753296,1174.419189453125,1226643,0.0,0.0,ARE&M.NS
2024-06-04 00:00:00+05:30,1174.419070001234,1175.940520606663,981.6274206249757,1062.4154052734375,3779425,0.0,0.0,ARE&M.NS
2024-06-05 00:00:00+05:30,1099.373654806207,1211.2791881889875,1037.8256593767073,1195.0333251953125,4639364,0.0,0.0,ARE&M.NS
2024-06-06 00:00:00+05:30,1241.7587097526296,1308.5093755733244,1223.6477314426008,1254.029052734375,7416493,0.0,0.0,ARE&M.NS
2024-06-07 00:00:00+05:30,1264.3361768343718,1422.0836627676938,1248.8264149328593,1375.4073486328125,12287320,0.0,0.0,ARE&M.NS
2024-06-10 00:00:00+05:30,1423.3598945779772,1510.3320683087436,1354.6459686328335,1374.52392578125,8294804,0.0,0.0,ARE&M.NS
2024-06-11 00:00:00+05:30,1383.0639296848706,1393.9109607967457,1326.2277969341562,1339.9705810546875,3783369,0.0,0.0,ARE&M.NS
2024-06-12 00:00:00+05:30,1347.7744092895107,1366.425329738528,1311.4541957835297,1317.78564453125,2416309,0.0,0.0,ARE&M.NS
2024-06-13 00:00:00+05:30,1329.123500663094,1338.8906453698808,1310.472580048176,1316.018798828125,1368240,0.0,0.0,ARE&M.NS
2024-06-14 00:00:00+05:30,1321.1723660362259,1331.970267635734,1296.7298193590993,1314.4482421875,1495056,0.0,0.0,ARE&M.NS
2024-06-18 00:00:00+05:30,1316.4605879638953,1391.9477650554793,1314.44832352873,1345.713134765625,3450389,0.0,0.0,ARE&M.NS
2024-06-19 00:00:00+05:30,1356.510861099604,1391.9475845257566,1330.105061376869,1372.85498046875,3203862,0.0,0.0,ARE&M.NS
2024-06-20 00:00:00+05:30,1375.4562873177917,1405.6904596605104,1357.3453094242811,1375.260009765625,2418130,0.0,0.0,ARE&M.NS
2024-06-21 00:00:00+05:30,1393.6164222405262,1438.427738636364,1375.2600371278058,1383.4075927734375,2949673,0.0,0.0,ARE&M.NS
2024-06-24 00:00:00+05:30,1383.1622656293448,1389.0029012761192,1346.7929191171982,1354.695068359375,1111667,0.0,0.0,ARE&M.NS
2024-06-25 00:00:00+05:30,1453.6430014384887,1625.6242044764576,1453.6430014384887,1615.955078125,21281220,0.0,0.0,ARE&M.NS
2024-06-26 00:00:00+05:30,1631.4648715587173,1743.3212749598877,1621.6485967599285,1638.6798095703125,13195440,0.0,0.0,ARE&M.NS
2024-06-27 00:00:00+05:30,1636.372838467054,1643.244230110287,1570.6038041675383,1579.9783935546875,2640379,0.0,0.0,ARE&M.NS
2024-06-28 00:00:00+05:30,1570.6039513304133,1684.1291921530292,1552.1493069712521,1632.59375,3967314,0.0,0.0,ARE&M.NS
2024-07-01 00:00:00+05:30,1629.501633939242,1698.019280694946,1591.9543824343168,1683.4420166015625,3120622,0.0,0.0,ARE&M.NS
2024-07-02 00:00:00+05:30,1685.4542439831923,1694.8778430475215,1641.4772885795712,1650.0665283203125,1651061,0.0,0.0,ARE&M.NS
2024-07-03 00:00:00+05:30,1661.8953744978703,1685.4544347388323,1630.7287010540974,1672.3497314453125,1230196,0.0,0.0,ARE&M.NS
2024-07-04 00:00:00+05:30,1677.5031286867315,1681.9204520943304,1654.1894773688493,1657.4779052734375,929259,0.0,0.0,ARE&M.NS
2024-07-05 00:00:00+05:30,1658.9011719148925,1673.6747121733126,1646.876236299571,1663.514892578125,674707,0.0,0.0,ARE&M.NS
2024-07-08 00:00:00+05:30,1672.693117468024,1712.9398415385574,1624.740642144621,1654.3857421875,1334803,0.0,0.0,ARE&M.NS
2024-07-09 00:00:00+05:30,1664.3494294321074,1669.2575669414914,1620.8632831679352,1639.268798828125,1015439,0.0,0.0,ARE&M.NS
2024-07-10 00:00:00+05:30,1640.2995539038952,1658.9013471137857,1555.9287181377144,1653.747802734375,1299890,0.0,0.0,ARE&M.NS
2024-07-11 00:00:00+05:30,1653.8459713039265,1658.557711154886,1612.813896071743,1620.4215087890625,596826,0.0,0.0,ARE&M.NS
2024-07-12 00:00:00+05:30,1623.611700738821,1628.4707083813494,1580.4200956405693,1586.064453125,638784,0.0,0.0,ARE&M.NS
2024-07-15 00:00:00+05:30,1605.9424612549567,1609.6726933869422,1562.2600410068849,1568.54248046875,774003,0.0,0.0,ARE&M.NS
2024-07-16 00:00:00+05:30,1570.6040223363593,1577.2791373623197,1531.3389217779502,1540.9097900390625,924497,0.0,0.0,ARE&M.NS
2024-07-18 00:00:00+05:30,1546.2277694337029,1633.3356745664646,1536.3302094203707,1542.53466796875,1178767,5.1,0.0,ARE&M.NS
2024-07-19 00:00:00+05:30,1561.689586384563,1571.0454439098055,1496.9372040388055,1517.4708251953125,839208,0.0,0.0,ARE&M.NS
2024-07-22 00:00:00+05:30,1526.482049109917,1536.5765271766115,1477.2406926870165,1507.671875,624468,0.0,0.0,ARE&M.NS
2024-07-23 00:00:00+05:30,1516.6336134408662,1551.102559200886,1382.6971384876467,1522.4932861328125,1340455,0.0,0.0,ARE&M.NS
2024-07-24 00:00:00+05:30,1521.5578974925825,1581.6323516977911,1508.656686288865,1549.8223876953125,1336287,0.0,0.0,ARE&M.NS
2024-07-25 00:00:00+05:30,1548.1481159245388,1563.5606832342105,1528.4515750094683,1542.042236328125,409281,0.0,0.0,ARE&M.NS
2024-07-26 00:00:00+05:30,1552.0873806846107,1664.3576607595128,1546.227708013572,1654.9525146484375,1997383,0.0,0.0,ARE&M.NS
2024-07-29 00:00:00+05:30,1670.9560663066945,1671.005355748183,1606.3022643790378,1613.4422607421875,797719,0.0,0.0,ARE&M.NS
2024-07-30 00:00:00+05:30,1624.4721860943419,1654.5094105113637,1600.3439238577178,1624.964599609375,772318,0.0,0.0,ARE&M.NS
2024-07-31 00:00:00+05:30,1630.8735826581046,1638.7521989994482,1595.419809122059,1601.624267578125,628672,0.0,0.0,ARE&M.NS
2024-08-01 00:00:00+05:30,1625.6539474531992,1640.7218492581337,1570.9468774914753,1580.302734375,791602,0.0,0.0,ARE&M.NS
2024-08-02 00:00:00+05:30,1573.753741169142,1597.3403026569745,1551.5458414777725,1587.885986328125,679802,0.0,0.0,ARE&M.NS
2024-08-05 00:00:00+05:30,1556.0266950610737,1580.598081177471,1471.3808605910526,1484.676025390625,1674655,0.0,0.0,ARE&M.NS
2024-08-06 00:00:00+05:30,1513.4822643704374,1550.90569241492,1436.4195474104174,1444.1995849609375,1523884,0.0,0.0,ARE&M.NS
2024-08-07 00:00:00+05:30,1487.088872860896,1526.4819555856877,1442.771654795505,1516.436767578125,1035720,0.0,0.0,ARE&M.NS
2024-08-08 00:00:00+05:30,1524.5122086191298,1529.0916782506642,1470.4451818279626,1476.1572265625,655882,0.0,0.0,ARE&M.NS
2024-08-09 00:00:00+05:30,1501.516602777195,1506.2929899799879,1472.562663136696,1482.95263671875,635744,0.0,0.0,ARE&M.NS
2024-08-12 00:00:00+05:30,1514.6640030781555,1613.1467080897391,1493.194725298372,1573.4581298828125,2519488,0.0,0.0,ARE&M.NS
2024-08-13 00:00:00+05:30,1589.2154093162512,1614.082293061333,1531.5045665297107,1542.1407470703125,804090,0.0,0.0,ARE&M.NS
2024-08-14 00:00:00+05:30,1544.2089166128771,1551.7428680876867,1501.368937102252,1525.743408203125,515931,0.0,0.0,ARE&M.NS
2024-08-16 00:00:00+05:30,1545.1936800734957,1552.53059369213,1523.9706085282476,1537.3150634765625,264213,0.0,0.0,ARE&M.NS
2024-08-19 00:00:00+05:30,1550.3641224828832,1555.8791304137821,1521.7056768017237,1532.6865234375,360432,0.0,0.0,ARE&M.NS
2024-08-20 00:00:00+05:30,1536.3303340971336,1540.7620562147215,1504.8651551495223,1518.701904296875,371399,0.0,0.0,ARE&M.NS
2024-08-21 00:00:00+05:30,1518.7019196236686,1540.2696581905566,1504.8158808920527,1530.42138671875,335818,0.0,0.0,ARE&M.NS
2024-08-22 00:00:00+05:30,1533.3757819753653,1559.769196123602,1516.6337214142984,1524.758544921875,440257,0.0,0.0,ARE&M.NS
2024-08-23 00:00:00+05:30,1526.4820172168415,1528.4516714326053,1500.9749710790716,1504.1756591796875,354887,0.0,0.0,ARE&M.NS
2024-08-26 00:00:00+05:30,1513.4822876346716,1513.4822876346716,1487.1381635405191,1491.91455078125,293771,0.0,0.0,ARE&M.NS
2024-08-28 00:00:00+05:30,1546.1292006349813,1552.8753621961341,1506.785407525735,1512.3004150390625,507968,0.0,0.0,ARE&M.NS
2024-08-29 00:00:00+05:30,1516.4368723530542,1525.4479444744327,1487.6798478461628,1497.38037109375,392107,0.0,0.0,ARE&M.NS
2024-08-30 00:00:00+05:30,1498.9067110787284,1514.417736505463,1494.9674030338433,1498.1680908203125,422291,0.0,0.0,ARE&M.NS
2024-09-02 00:00:00+05:30,1505.06203211013,1506.7854795540645,1477.240666229475,1481.0322265625,363096,0.0,0.0,ARE&M.NS
2024-09-03 00:00:00+05:30,1479.2101808288796,1504.7663938551445,1472.808805212776,1486.4979248046875,309679,0.0,0.0,ARE&M.NS
2024-09-04 00:00:00+05:30,1476.255747786642,1495.8045406833496,1461.4833420382765,1464.5855712890625,437224,0.0,0.0,ARE&M.NS
2024-09-05 00:00:00+05:30,1397.5189484551163,1460.3508454891376,1397.5189484551163,1425.5372314453125,1643695,0.0,0.0,ARE&M.NS
2024-09-06 00:00:00+05:30,1434.8930583484287,1445.6276975849191,1391.1667118678254,1396.14013671875,714521,0.0,0.0,ARE&M.NS
2024-09-09 00:00:00+05:30,1396.140057308644,1403.0338464899335,1362.2619835741068,1390.0340576171875,523703,0.0,0.0,ARE&M.NS
2024-09-10 00:00:00+05:30,1398.4544046014926,1430.9536971027949,1395.4999234650106,1402.689208984375,327033,0.0,0.0,ARE&M.NS
2024-09-11 00:00:00+05:30,1412.8329280524913,1413.0299656026066,1375.2617502918201,1378.7579345703125,324251,0.0,0.0,ARE&M.NS
2024-09-12 00:00:00+05:30,1378.757876100957,1393.5302819163244,1367.924778503021,1381.170654296875,487440,0.0,0.0,ARE&M.NS
2024-09-13 00:00:00+05:30,1383.6819889978785,1418.34785266345,1383.4850716774497,1389.1478271484375,354570,0.0,0.0,ARE&M.NS
2024-09-16 00:00:00+05:30,1408.4012222263468,1412.2420719887753,1376.0989652350406,1383.829833984375,313097,0.0,0.0,ARE&M.NS
2024-09-17 00:00:00+05:30,1383.8298181589691,1398.4544764927455,1375.8034532819474,1378.7579345703125,254720,0.0,0.0,ARE&M.NS
2024-09-18 00:00:00+05:30,1378.7578798612358,1390.280308341389,1357.4363500326094,1370.633056640625,284304,0.0,0.0,ARE&M.NS
2024-09-19 00:00:00+05:30,1371.814820545835,1385.2577341094343,1319.6682752204647,1352.5615234375,540869,0.0,0.0,ARE&M.NS
2024-09-20 00:00:00+05:30,1352.561532907317,1386.6365257609375,1341.3837696161552,1360.1446533203125,494808,0.0,0.0,ARE&M.NS
2024-09-23 00:00:00+05:30,1379.742692335756,1391.6590755564114,1351.8228696072802,1354.3341064453125,485331,0.0,0.0,ARE&M.NS
2024-09-24 00:00:00+05:30,1367.7279600190802,1367.7279600190802,1340.8421314049326,1343.30419921875,395231,0.0,0.0,ARE&M.NS
2024-09-25 00:00:00+05:30,1350.345669092483,1373.8337708078257,1332.4710336222138,1344.7813720703125,381364,0.0,0.0,ARE&M.NS
2024-09-26 00:00:00+05:30,1344.7814034024939,1348.9176291301658,1304.895905901358,1309.770751953125,777024,0.0,0.0,ARE&M.NS
2024-09-27 00:00:00+05:30,1303.911107315336,1377.1329796681518,1297.2142348098384,1371.027099609375,1225558,0.0,0.0,ARE&M.NS
2024-09-30 00:00:00+05:30,1376.7882188939632,1410.2723386667776,1330.5013474433076,1404.3140869140625,1352982,0.0,0.0,ARE&M.NS
2024-10-01 00:00:00+05:30,1416.1813529888573,1422.0903155187136,1377.083765670236,1390.4281005859375,805767,0.0,0.0,ARE&M.NS
2024-10-03 00:00:00+05:30,1359.0120448815403,1379.742702452471,1329.5658121457582,1335.3270263671875,951603,0.0,0.0,ARE&M.NS
2024-10-04 00:00:00+05:30,1335.3270056710555,1370.8299482814248,1314.7440965208457,1358.6673583984375,686648,0.0,0.0,ARE&M.NS
2024-10-07 00:00:00+05:30,1361.0310714287361,1370.830053124916,1286.1842107712946,1304.3050537109375,1071552,0.0,0.0,ARE&M.NS
2024-10-08 00:00:00+05:30,1306.8162280353636,1322.5734611021423,1277.3207054757465,1316.5660400390625,1179239,0.0,0.0,ARE&M.NS
2024-10-09 00:00:00+05:30,1338.3800521942342,1374.2769525267518,1325.8727958938086,1354.2850341796875,596984,0.0,0.0,ARE&M.NS
2024-10-10 00:00:00+05:30,1370.8792301929882,1391.5605978898652,1360.0461328279573,1378.3638916015625,505009,0.0,0.0,ARE&M.NS
2024-10-11 00:00:00+05:30,1390.7727339731166,1400.9657902767417,1364.9703129412835,1385.55322265625,388210,0.0,0.0,ARE&M.NS
2024-10-14 00:00:00+05:30,1385.651694457239,1393.4318523929883,1366.939980033154,1369.992919921875,283469,0.0,0.0,ARE&M.NS
2024-10-15 00:00:00+05:30,1378.4131122950357,1380.727431663969,1364.7732826093152,1372.504150390625,399130,0.0,0.0,ARE&M.NS
2024-10-16 00:00:00+05:30,1380.235173008443,1386.0456769099042,1360.5879205594792,1377.379150390625,455909,0.0,0.0,ARE&M.NS
2024-10-17 00:00:00+05:30,1385.6518443871112,1385.6518443871112,1341.974782930695,1348.031494140625,306807,0.0,0.0,ARE&M.NS
2024-10-18 00:00:00+05:30,1348.0314155794283,1357.0917770340484,1318.3880229689648,1321.982666015625,356084,0.0,0.0,ARE&M.NS
2024-10-21 00:00:00+05:30,1335.425582670668,1337.3952369223948,1307.850423146495,1310.0662841796875,234822,0.0,0.0,ARE&M.NS
2024-10-22 00:00:00+05:30,1304.8958572212168,1307.8503384073779,1235.022425255762,1241.37451171875,1126148,0.0,0.0,ARE&M.NS
2024-10-23 00:00:00+05:30,1255.162195449312,1278.3056333410805,1213.5039591568661,1254.86669921875,591936,0.0,0.0,ARE&M.NS
2024-10-24 00:00:00+05:30,1254.8666333728806,1268.4572953387708,1240.9314261863428,1244.427490234375,258295,0.0,0.0,ARE&M.NS
2024-10-25 00:00:00+05:30,1250.7303260667193,1250.7303260667193,1200.3563995204822,1222.958251953125,594983,0.0,0.0,ARE&M.NS
2024-10-28 00:00:00+05:30,1247.4312079497279,1342.7623943370659,1240.8820840182248,1301.399658203125,2940610,0.0,0.0,ARE&M.NS
2024-10-29 00:00:00+05:30,1321.6379846643517,1343.6981360227974,1290.1235170717591,1309.5738525390625,927364,0.0,0.0,ARE&M.NS
2024-10-31 00:00:00+05:30,1336.705819249749,1376.6404844802687,1320.0622178594417,1369.50048828125,584430,0.0,0.0,ARE&M.NS
2024-11-01 00:00:00+05:30,1383.18962931383,1400.4241031571848,1374.867888602441,1383.9775390625,203604,0.0,0.0,ARE&M.NS
2024-11-04 00:00:00+05:30,1387.6214243635734,1387.6214243635734,1327.5469695117793,1353.398681640625,631911,0.0,0.0,ARE&M.NS
2024-11-06 00:00:00+05:30,1316.8123533291864,1324.2478463713255,1303.9604312003285,1311.4942626953125,628362,0.0,0.0,ARE&M.NS
2024-11-07 00:00:00+05:30,1311.6911951738728,1317.7970749047736,1288.5477590889109,1291.3544921875,504057,0.0,0.0,ARE&M.NS
2024-11-08 00:00:00+05:30,1295.0969422407913,1304.6497171437502,1274.3662834376394,1283.6728515625,398200,0.0,0.0,ARE&M.NS
2024-11-11 00:00:00+05:30,1280.2751205276704,1284.8053007566787,1257.230144314544,1268.3094482421875,408698,0.0,0.0,ARE&M.NS
2024-11-12 00:00:00+05:30,1270.3283667957915,1285.1992303989252,1243.8364965470057,1250.3856201171875,387984,0.0,0.0,ARE&M.NS
2024-11-13 00:00:00+05:30,1260.5785666512807,1284.6575388410743,1219.2158324330355,1227.4884033203125,564205,0.0,0.0,ARE&M.NS
2024-11-14 00:00:00+05:30,1241.0383140308224,1256.0220632584212,1231.3457450144008,1241.8294677734375,355341,5.3,0.0,ARE&M.NS
2024-11-18 00:00:00+05:30,1245.4393757564922,1261.610035583678,1207.6088765524532,1211.3177490234375,458795,0.0,0.0,ARE&M.NS
2024-11-19 00:00:00+05:30,1216.510281082585,1264.3299903430604,1216.510281082585,1234.1151123046875,528143,0.0,0.0,ARE&M.NS
2024-11-21 00:00:00+05:30,1234.115131980099,1234.115131980099,1207.6090055957825,1210.9222412109375,387474,0.0,0.0,ARE&M.NS
2024-11-22 00:00:00+05:30,1214.5321607692601,1226.004915991784,1195.7900393171026,1214.7794189453125,314778,0.0,0.0,ARE&M.NS
2024-11-25 00:00:00+05:30,1246.181192118338,1263.291505985273,1224.4719728180946,1228.230224609375,471930,0.0,0.0,ARE&M.NS
2024-11-26 00:00:00+05:30,1236.0436234570086,1244.2031432757885,1210.6255312232397,1217.8948974609375,458079,0.0,0.0,ARE&M.NS
2024-11-27 00:00:00+05:30,1222.840118346009,1260.917879286391,1212.158516335053,1256.0220947265625,586100,0.0,0.0,ARE&M.NS
2024-11-28 00:00:00+05:30,1265.8630226579885,1266.7531762664883,1241.334962518285,1250.7802734375,633611,0.0,0.0,ARE&M.NS
2024-11-29 00:00:00+05:30,1250.8295305071308,1270.9069413755562,1245.2909718739,1266.654052734375,359069,0.0,0.0,ARE&M.NS
2024-12-02 00:00:00+05:30,1275.8520975949666,1281.786293397734,1249.1482164825138,1276.5938720703125,387545,0.0,0.0,ARE&M.NS
2024-12-03 00:00:00+05:30,1282.7754041395142,1322.831228247186,1279.8083060574645,1304.286865234375,550410,0.0,0.0,ARE&M.NS
2024-12-04 00:00:00+05:30,1310.4683400406236,1314.1277127730298,1294.6438166891896,1306.413330078125,465755,0.0,0.0,ARE&M.NS
2024-12-05 00:00:00+05:30,1316.303672415218,1330.199509705187,1303.5451261690775,1311.951904296875,403370,0.0,0.0,ARE&M.NS
2024-12-06 00:00:00+05:30,1320.1609063671283,1324.7104326756787,1300.8252686413744,1316.056396484375,403909,0.0,0.0,ARE&M.NS
2024-12-09 00:00:00+05:30,1318.3805685582274,1345.0844510421525,1301.5175129933593,1308.0946044921875,506582,0.0,0.0,ARE&M.NS
2024-12-10 00:00:00+05:30,1315.413408972967,1317.3914742496183,1291.6766256531541,1295.385498046875,322970,0.0,0.0,ARE&M.NS
2024-12-11 00:00:00+05:30,1297.5119462962487,1307.5011518272934,1288.7095316421808,1301.5174560546875,545984,0.0,0.0,ARE&M.NS
2024-12-12 00:00:00+05:30,1301.517585917169,1304.3364258114123,1276.4456301043454,1282.132568359375,283498,0.0,0.0,ARE&M.NS
2024-12-13 00:00:00+05:30,1271.896092938378,1283.7644857185185,1258.593650989918,1279.5115966796875,202716,0.0,0.0,ARE&M.NS
2024-12-16 00:00:00+05:30,1279.3136966525653,1289.3524019129195,1251.0273878075566,1267.8409423828125,457740,0.0,0.0,ARE&M.NS
2024-12-17 00:00:00+05:30,1274.863210173385,1296.1274142220489,1238.3678776830916,1246.87353515625,496575,0.0,0.0,ARE&M.NS
2024-12-18 00:00:00+05:30,1246.8734904476025,1255.4286475439392,1214.5816690191311,1227.04345703125,429369,0.0,0.0,ARE&M.NS
2024-12-19 00:00:00+05:30,1210.2298643103309,1226.4005244991552,1192.773413343533,1206.71875,342377,0.0,0.0,ARE&M.NS
2024-12-20 00:00:00+05:30,1253.0549124763636,1260.9671739595726,1172.0037322003516,1184.21826171875,1454219,0.0,0.0,ARE&M.NS
2024-12-23 00:00:00+05:30,1204.5923401265443,1204.5923401265443,1144.3108447809554,1154.201171875,678750,0.0,0.0,ARE&M.NS
2024-12-24 00:00:00+05:30,1154.201192411625,1186.8392724026994,1148.2669960496116,1181.6468505859375,451397,0.0,0.0,ARE&M.NS
2024-12-26 00:00:00+05:30,1191.636016245865,1228.3786049442474,1176.4543885516764,1193.2679443359375,1163457,0.0,0.0,ARE&M.NS
2024-12-27 00:00:00+05:30,1199.3999588953534,1211.5651099243512,1191.8339549981974,1205.97705078125,313357,0.0,0.0,ARE&M.NS
2024-12-30 00:00:00+05:30,1205.6308533282033,1217.697003895808,1164.0914802028674,1171.064208984375,479885,0.0,0.0,ARE&M.NS
2024-12-31 00:00:00+05:30,1171.0641503974946,1204.6417603680165,1168.2453107769318,1186.7896728515625,382526,0.0,0.0,ARE&M.NS
2025-01-01 00:00:00+05:30,1189.6086173562755,1206.6694319691358,1182.4875092528566,1197.22412109375,362201,0.0,0.0,ARE&M.NS
2025-01-02 00:00:00+05:30,1196.729496200477,1205.1857735778087,1176.998343295401,1186.987548828125,441644,0.0,0.0,ARE&M.NS
2025-01-03 00:00:00+05:30,1195.1470796296667,1201.180154654537,1173.042224025845,1176.8499755859375,445823,0.0,0.0,ARE&M.NS
2025-01-06 00:00:00+05:30,1176.8499214513006,1183.822528881286,1128.7334610465819,1135.0137939453125,487952,0.0,0.0,ARE&M.NS
2025-01-07 00:00:00+05:30,1135.0138706637338,1149.5032234602372,1124.5301484829336,1127.8433837890625,328285,0.0,0.0,ARE&M.NS
2025-01-08 00:00:00+05:30,1132.046857889399,1134.816197873172,1089.9635869501808,1094.9581298828125,613037,0.0,0.0,ARE&M.NS
2025-01-09 00:00:00+05:30,1095.79876328902,1117.1124668815878,1087.9360013897713,1089.71630859375,390224,0.0,0.0,ARE&M.NS
2025-01-10 00:00:00+05:30,1094.8592302563832,1094.8592302563832,1049.8582411175707,1067.512451171875,885331,0.0,0.0,ARE&M.NS
2025-01-13 00:00:00+05:30,1063.2102117118231,1085.809586019111,1015.7861393983154,1024.9346923828125,740328,0.0,0.0,ARE&M.NS
2025-01-14 00:00:00+05:30,1024.934617749897,1059.2540035595414,1021.0773661396489,1044.665771484375,735814,0.0,0.0,ARE&M.NS
2025-01-15 00:00:00+05:30,1050.7483341501797,1066.177219676371,1030.670922629897,1038.9293212890625,561555,0.0,0.0,ARE&M.NS
2025-01-16 00:00:00+05:30,1056.2868594683746,1072.9520353052555,1048.3745983487613,1059.7979736328125,456173,0.0,0.0,ARE&M.NS
2025-01-17 00:00:00+05:30,1059.2540223625301,1069.5893657913823,1043.0833618537222,1065.8804931640625,313520,0.0,0.0,ARE&M.NS
2025-01-20 00:00:00+05:30,1075.5730603837246,1100.793394213412,1057.2759554484612,1097.7274169921875,528160,0.0,0.0,ARE&M.NS
2025-01-21 00:00:00+05:30,1101.7824719646396,1106.6781357332686,1075.078587994222,1082.694091796875,556879,0.0,0.0,ARE&M.NS
2025-01-22 00:00:00+05:30,1085.51292967859,1085.51292967859,1043.676796576512,1054.3583984375,454950,0.0,0.0,ARE&M.NS
2025-01-23 00:00:00+05:30,1054.3583485583974,1085.413878471317,1044.1712635482418,1066.4739990234375,383965,0.0,0.0,ARE&M.NS
2025-01-24 00:00:00+05:30,1071.913631254974,1077.8478271377699,1041.4513774306786,1046.643798828125,409570,0.0,0.0,ARE&M.NS
2025-01-27 00:00:00+05:30,1033.638059082009,1038.3359644454522,994.1756902485455,1005.2528686523438,714797,0.0,0.0,ARE&M.NS
2025-01-28 00:00:00+05:30,1000.9505372877372,1034.4293305803315,979.1423782098527,1018.060791015625,658020,0.0,0.0,ARE&M.NS
2025-01-29 00:00:00+05:30,1012.8189435633766,1058.2649459886918,1009.8023456583686,1017.3189697265625,488853,0.0,0.0,ARE&M.NS
2025-01-30 00:00:00+05:30,1023.6488190012564,1046.3470706082383,1012.7694595722575,1016.52783203125,454007,0.0,0.0,ARE&M.NS
2025-01-31 00:00:00+05:30,1036.506297124313,1036.704055376952,1011.1375835493434,1023.302734375,716801,0.0,0.0,ARE&M.NS
2025-02-01 00:00:00+05:30,1023.6488513958832,1081.9522811610361,1023.6488513958832,1065.5838623046875,1374020,0.0,0.0,ARE&M.NS
2025-02-03 00:00:00+05:30,1068.1553427832787,1070.7763036503036,1037.5448282433529,1055.0506591796875,806142,0.0,0.0,ARE&M.NS
2025-02-04 00:00:00+05:30,1059.3035811495517,1077.0071708890864,1052.2319728008943,1056.4847412109375,413465,0.0,0.0,ARE&M.NS
2025-02-05 00:00:00+05:30,1051.49017123473,1095.848265036893,1051.3417921788964,1083.28759765625,642839,0.0,0.0,ARE&M.NS
2025-02-06 00:00:00+05:30,1082.0017816123323,1082.0017816123323,1065.6332420165347,1075.029052734375,322473,0.0,0.0,ARE&M.NS
2025-02-07 00:00:00+05:30,1073.1005841540716,1077.056715339893,1050.4023297680378,1057.4244384765625,334282,0.0,0.0,ARE&M.NS
2025-02-10 00:00:00+05:30,1052.3803046213482,1052.7758211205935,1013.7585289572422,1020.9290161132812,715144,0.0,0.0,ARE&M.NS
2025-02-11 00:00:00+05:30,1020.6817251532352,1024.8851140407364,983.8896974059542,990.8623657226562,606183,0.0,0.0,ARE&M.NS
2025-02-12 00:00:00+05:30,998.8735529856722,1001.7912114231913,960.1528999698929,988.3897705078125,667476,0.0,0.0,ARE&M.NS
2025-02-13 00:00:00+05:30,989.0327310833857,1001.6923379680995,969.7465928272596,972.3675537109375,471031,0.0,0.0,ARE&M.NS
2025-02-14 00:00:00+05:30,972.3674996474581,980.9720356368589,939.5810422886588,943.3887939453125,498045,0.0,0.0,ARE&M.NS
2025-02-17 00:00:00+05:30,942.4987307174555,959.3617263077531,920.8388902761598,954.5154418945312,523027,0.0,0.0,ARE&M.NS
2025-02-18 00:00:00+05:30,954.4165227146135,960.8946746039279,929.839085110185,937.5535278320312,512886,0.0,0.0,ARE&M.NS
2025-02-19 00:00:00+05:30,937.6030186532838,965.3948139417422,931.3721245898172,960.2518920898438,672098,0.0,0.0,ARE&M.NS
2025-02-20 00:00:00+05:30,959.3617202854923,1056.979199613682,959.3617202854923,1034.132568359375,5830859,0.0,0.0,ARE&M.NS
2025-02-21 00:00:00+05:30,1027.456565438026,1057.2759245951297,998.9229970449775,1004.0659790039062,1224387,0.0,0.0,ARE&M.NS
2025-02-24 00:00:00+05:30,1005.2528604721618,1006.8352886459279,976.0268958932163,996.1537475585938,582960,0.0,0.0,ARE&M.NS
2025-02-25 00:00:00+05:30,1000.1099227435075,1048.3747085745401,997.7362200117484,1034.9732666015625,1820249,0.0,0.0,ARE&M.NS
2025-02-27 00:00:00+05:30,1026.615935267201,1032.3523731788396,981.7633267888754,987.0051879882812,693373,0.0,0.0,ARE&M.NS
2025-02-28 00:00:00+05:30,981.763318190823,990.5656728614024,962.1309831885269,968.411376953125,783044,0.0,0.0,ARE&M.NS
2025-03-03 00:00:00+05:30,972.3180546818696,989.8733856748511,916.8333425630349,937.4546508789062,947097,0.0,0.0,ARE&M.NS
2025-03-04 00:00:00+05:30,932.7072559665708,963.3178294583435,920.9872428653596,955.9495239257812,672523,0.0,0.0,ARE&M.NS
2025-03-05 00:00:00+05:30,959.3617113886955,993.9778556140608,946.158149094755,990.2195434570312,684723,0.0,0.0,ARE&M.NS
2025-03-06 00:00:00+05:30,1013.7585194776864,1019.7915948131498,981.1698798759579,992.8899536132812,599688,0.0,0.0,ARE&M.NS
2025-03-07 00:00:00+05:30,990.4173496349017,1005.3517189526242,981.1204182990685,987.697509765625,541798,0.0,0.0,ARE&M.NS
2025-03-10 00:00:00+05:30,989.1810504005248,1019.6926841654753,951.1527321138293,984.9281616210938,645677,0.0,0.0,ARE&M.NS
2025-03-11 00:00:00+05:30,976.3236519085091,985.0765671388889,965.3453527420202,977.2137451171875,398623,0.0,0.0,ARE&M.NS
2025-03-12 00:00:00+05:30,977.2137013681938,986.213934735889,962.3782115634064,966.7794189453125,335200,0.0,0.0,ARE&M.NS
2025-03-13 00:00:00+05:30,966.7794772963304,979.5874630073225,947.097702154426,951.0538330078125,412914,0.0,0.0,ARE&M.NS
2025-03-17 00:00:00+05:30,958.3726521747005,968.2629788225303,950.5592699766098,959.856201171875,400905,0.0,0.0,ARE&M.NS
2025-03-18 00:00:00+05:30,969.2520061860766,996.9449206485359,962.9221730197808,995.115234375,573765,0.0,0.0,ARE&M.NS
2025-03-19 00:00:00+05:30,1000.0603986502615,1056.1385021989945,1000.0603986502615,1049.06689453125,894288,0.0,0.0,ARE&M.NS
2025-03-20 00:00:00+05:30,1057.1769710930412,1057.275850206813,1016.8738926122858,1026.91259765625,661303,0.0,0.0,ARE&M.NS
2025-03-21 00:00:00+05:30,1029.0885438293683,1064.2980844695348,1016.7256348453536,1052.23193359375,1087698,0.0,0.0,ARE&M.NS
2025-03-24 00:00:00+05:30,1053.3197950063172,1077.9467326696717,1053.3197950063172,1058.0177001953125,725220,0.0,0.0,ARE&M.NS
2025-03-25 00:00:00+05:30,1068.1552520594594,1074.8312223848309,1038.4842728355854,1043.8250732421875,631754,0.0,0.0,ARE&M.NS
2025-03-26 00:00:00+05:30,1050.3527154627832,1096.8372518344881,1018.7036694224732,1028.4951171875,2771558,0.0,0.0,ARE&M.NS
2025-03-27 00:00:00+05:30,1028.3961852117613,1042.4899003022574,1008.318774369182,1012.1265258789062,1083155,0.0,0.0,ARE&M.NS
2025-03-28 00:00:00+05:30,1018.6047525185643,1036.4073402559181,989.0820916346618,992.2964477539062,630905,0.0,0.0,ARE&M.NS
2025-04-01 00:00:00+05:30,989.0326786346698,1018.4564008240512,982.8512243932031,1003.6209106445312,535316,0.0,0.0,ARE&M.NS
2025-04-02 00:00:00+05:30,1004.1648556976226,1021.9675040865062,987.5985585094413,1020.0883178710938,443314,0.0,0.0,ARE&M.NS
2025-04-03 00:00:00+05:30,1003.868183083318,1020.5828597361343,998.9230196198533,1002.879150390625,553857,0.0,0.0,ARE&M.NS
2025-04-04 00:00:00+05:30,1000.9010894895588,1006.8352856723031,967.9663127484803,980.4281005859375,659697,0.0,0.0,ARE&M.NS
2025-04-07 00:00:00+05:30,823.171870506895,953.8231210587139,823.171870506895,944.2294921875,909619,0.0,0.0,ARE&M.NS
2025-04-08 00:00:00+05:30,986.7085235925201,986.7085235925201,946.9988354831346,956.7407836914062,416987,0.0,0.0,ARE&M.NS
2025-04-09 00:00:00+05:30,967.1751042961077,967.1751042961077,946.5042966595358,957.9276123046875,345174,0.0,0.0,ARE&M.NS
2025-04-11 00:00:00+05:30,984.1369675615446,993.9778549146987,961.5870342694685,964.850830078125,494938,0.0,0.0,ARE&M.NS
2025-04-15 00:00:00+05:30,993.9778587079669,996.8460776704451,977.1643028890261,983.69189453125,620242,0.0,0.0,ARE&M.NS
2025-04-16 00:00:00+05:30,988.9337933210014,991.8019518516248,981.7138065195643,984.8787231445312,429287,0.0,0.0,ARE&M.NS
2025-04-17 00:00:00+05:30,988.9338328201958,1021.6707914392716,983.1973947983015,1008.219970703125,884748,0.0,0.0,ARE&M.NS
2025-04-21 00:00:00+05:30,1018.7036709568462,1027.4072069236524,1011.1870466572569,1022.06640625,374486,0.0,0.0,ARE&M.NS
2025-04-22 00:00:00+05:30,1024.6378330483344,1029.5829963352473,1000.9010492711529,1004.75830078125,589729,0.0,0.0,ARE&M.NS
2025-04-23 00:00:00+05:30,1010.6925502317489,1017.4179002190759,991.1096542862426,998.8241577148438,512948,0.0,0.0,ARE&M.NS
2025-04-24 00:00:00+05:30,998.8241606736727,1007.626515596993,987.0546472465704,989.131591796875,781951,0.0,0.0,ARE&M.NS
2025-04-25 00:00:00+05:30,987.0546107302789,993.9778394628561,958.5704817322573,978.3511352539062,652240,0.0,0.0,ARE&M.NS
2025-04-28 00:00:00+05:30,967.273924541328,981.6148978601924,960.2518169246027,973.70263671875,483425,0.0,0.0,ARE&M.NS
2025-04-29 00:00:00+05:30,977.955492206155,996.6482338189642,975.2850919235017,978.6478271484375,357421,0.0,0.0,ARE&M.NS
2025-04-30 00:00:00+05:30,978.6477950037712,980.8236788798627,957.1857746925372,961.2408447265625,503311,0.0,0.0,ARE&M.NS
2025-05-02 00:00:00+05:30,959.3616803650286,971.2300722870702,950.9549027535825,953.7241821289062,625943,0.0,0.0,ARE&M.NS
2025-05-05 00:00:00+05:30,963.3672569489595,969.2520133891176,956.2957096013439,962.9221801757812,422515,0.0,0.0,ARE&M.NS
2025-05-06 00:00:00+05:30,962.9222185948204,974.1972155916287,898.9318507973026,935.5755004882812,578910,0.0,0.0,ARE&M.NS
2025-05-07 00:00:00+05:30,912.8771335023325,938.09746600971,911.0474472510433,932.1138305664062,457061,0.0,0.0,ARE&M.NS
2025-05-08 00:00:00+05:30,933.6469117523028,993.4833928550721,933.6469117523028,952.6363525390625,2230553,0.0,0.0,ARE&M.NS
2025-05-09 00:00:00+05:30,929.6907165961298,947.1966070562523,923.4103832420254,943.33935546875,646531,0.0,0.0,ARE&M.NS
2025-05-12 00:00:00+05:30,974.1477406112155,992.988800905848,970.2410494906742,988.1920166015625,673608,0.0,0.0,ARE&M.NS
2025-05-13 00:00:00+05:30,988.2909207215399,1008.4177119234283,979.5380055149456,1002.7307739257812,677931,0.0,0.0,ARE&M.NS
2025-05-14 00:00:00+05:30,1002.7308046794594,1015.2420928043093,994.9669219299903,1001.1483764648438,570116,0.0,0.0,ARE&M.NS
2025-05-15 00:00:00+05:30,1003.8187692990109,1024.5390168161582,997.1922380146519,1007.873779296875,398163,0.0,0.0,ARE&M.NS
2025-05-16 00:00:00+05:30,1013.7585234129857,1044.2207790432763,1007.8737667405085,1024.390625,981546,0.0,0.0,ARE&M.NS
2025-05-19 00:00:00+05:30,1038.4843630002586,1050.2538765939016,1019.1982248302537,1023.2532348632812,632545,0.0,0.0,ARE&M.NS
2025-05-20 00:00:00+05:30,1032.0556419908867,1033.1930537637284,996.9944200388862,1001.4945068359375,391956,0.0,0.0,ARE&M.NS
2025-05-21 00:00:00+05:30,999.4175112227922,1010.1484915265286,992.3954034248305,1004.1648559570312,302057,0.0,0.0,ARE&M.NS
2025-05-22 00:00:00+05:30,998.972456606421,1015.6870728503895,994.0272931557029,1003.0275268554688,325610,0.0,0.0,ARE&M.NS
2025-05-23 00:00:00+05:30,1002.9779739780579,1020.6816823433015,997.9339316709218,1012.1265258789062,329254,0.0,0.0,ARE&M.NS
2025-05-26 00:00:00+05:30,1012.7694668055599,1048.374643372943,1007.9726824420932,1038.3359375,856163,0.0,0.0,ARE&M.NS
2025-05-27 00:00:00+05:30,1038.4842293386644,1041.94584343646,1024.1432566477972,1036.5556640625,439235,0.0,0.0,ARE&M.NS
2025-05-28 00:00:00+05:30,1039.4733331539683,1052.42963694707,1032.7973626508385,1045.555908203125,461324,0.0,0.0,ARE&M.NS
2025-05-29 00:00:00+05:30,1053.1219704013517,1082.0016742927928,1036.5061742768253,1077.4521484375,1232891,0.0,0.0,ARE&M.NS
2025-05-30 00:00:00+05:30,1028.7423659055203,1044.8635261452316,1013.7584966622074,1019.4454345703125,1882630,0.0,0.0,ARE&M.NS
2025-06-02 00:00:00+05:30,1024.5390492227932,1025.6269611007972,1003.8682406145701,1006.241943359375,693717,0.0,0.0,ARE&M.NS
2025-06-03 00:00:00+05:30,1007.6264772456947,1012.6705801077974,990.5162240408577,994.2745361328125,639030,0.0,0.0,ARE&M.NS
2025-06-04 00:00:00+05:30,994.2746049182514,1002.8792018594297,984.4832169775462,987.5491943359375,499868,0.0,0.0,ARE&M.NS
2025-06-05 00:00:00+05:30,993.7799926190435,998.5273372562041,987.2524012886679,989.329345703125,502349,0.0,0.0,ARE&M.NS
2025-06-06 00:00:00+05:30,992.9888435226019,998.2307048266099,983.0985163958828,989.131591796875,424767,0.0,0.0,ARE&M.NS
2025-06-09 00:00:00+05:30,993.9778464046925,1007.8243039665489,991.9009019167198,1000.208740234375,460075,0.0,0.0,ARE&M.NS
2025-06-10 00:00:00+05:30,1005.055060842812,1008.8133731008187,996.9449804761032,1001.4945068359375,324858,0.0,0.0,ARE&M.NS
2025-06-11 00:00:00+05:30,1006.340728886757,1011.4837107782989,992.9887880120924,1004.75830078125,441987,0.0,0.0,ARE&M.NS
2025-06-12 00:00:00+05:30,1009.3078719171973,1020.681747984858,990.1206133610982,996.0548095703125,670903,0.0,0.0,ARE&M.NS
2025-06-13 00:00:00+05:30,986.9557763368838,995.8570708250242,974.3950487082436,991.9009399414062,468366,0.0,0.0,ARE&M.NS
2025-06-16 00:00:00+05:30,989.0327070843963,994.9669033269026,975.878584153327,992.5932006835938,388473,0.0,0.0,ARE&M.NS
2025-06-17 00:00:00+05:30,991.999826042754,992.889979644134,982.1094987641621,985.1754760742188,272740,0.0,0.0,ARE&M.NS
2025-06-18 00:00:00+05:30,983.7908513216487,988.7360148847757,975.4829523892888,979.6369018554688,355346,0.0,0.0,ARE&M.NS
2025-06-19 00:00:00+05:30,979.6368616195878,988.9337928827273,973.6037864666712,975.384033203125,291223,0.0,0.0,ARE&M.NS
2025-06-20 00:00:00+05:30,971.3289559370522,980.6258871323174,951.3505444010467,959.856201171875,1437892,0.0,0.0,ARE&M.NS
2025-06-23 00:00:00+05:30,955.998993203936,975.6807682764476,955.3067185996472,963.9112548828125,377261,0.0,0.0,ARE&M.NS
2025-06-24 00:00:00+05:30,971.23013265716,971.23013265716,957.7793117890702,960.1529541015625,474817,0.0,0.0,ARE&M.NS
2025-06-25 00:00:00+05:30,964.3068650829671,969.0542098840689,956.3946036258761,958.966064453125,440443,0.0,0.0,ARE&M.NS
2025-06-26 00:00:00+05:30,963.7134776686836,968.2630038982018,955.9000952682452,958.5704956054688,397955,0.0,0.0,ARE&M.NS
2025-06-27 00:00:00+05:30,960.7463944705819,973.0103638018956,948.8780020020918,951.449462890625,712918,0.0,0.0,ARE&M.NS
2025-06-30 00:00:00+05:30,958.2738225265688,966.2849633785904,952.4385053567887,954.119873046875,626819,0.0,0.0,ARE&M.NS
2025-07-01 00:00:00+05:30,955.4549873709144,959.1144202793686,949.5207914217768,950.658203125,418745,0.0,0.0,ARE&M.NS
2025-07-02 00:00:00+05:30,955.405596478825,957.7297991976587,941.1140617668324,944.9713134765625,505461,0.0,0.0,ARE&M.NS
2025-07-03 00:00:00+05:30,946.504235608748,953.4274640823752,945.3173843686882,948.432861328125,518559,0.0,0.0,ARE&M.NS
2025-07-04 00:00:00+05:30,951.3505868548312,973.2081855756196,948.6801864675987,957.6309204101562,664783,0.0,0.0,ARE&M.NS
2025-07-07 00:00:00+05:30,959.361740668143,963.5156901751171,950.0648089318564,953.773681640625,646519,0.0,0.0,ARE&M.NS
2025-07-08 00:00:00+05:30,953.7736768792436,956.3451981639457,945.5152778352527,954.0209350585938,444783,0.0,0.0,ARE&M.NS
2025-07-09 00:00:00+05:30,954.9605102995623,970.2410775699175,951.2516376788822,967.6696166992188,546883,0.0,0.0,ARE&M.NS
2025-07-10 00:00:00+05:30,973.20818248659,985.0765749559387,965.6915580689755,973.6532592773438,1037438,0.0,0.0,ARE&M.NS
2025-07-11 00:00:00+05:30,977.6093895738363,980.1314108990613,959.3617240888894,967.3234252929688,636446,0.0,0.0,ARE&M.NS
2025-07-14 00:00:00+05:30,969.2520665118394,977.0654491534966,959.9056952258933,976.0269165039062,270144,0.0,0.0,ARE&M.NS
2025-07-15 00:00:00+05:30,980.0819409902366,985.9171975510505,972.6641959305686,975.2356567382812,271485,0.0,0.0,ARE&M.NS
2025-07-16 00:00:00+05:30,975.2357162687588,979.0929680815466,966.6806193305117,975.3346557617188,311997,0.0,0.0,ARE&M.NS
2025-07-17 00:00:00+05:30,979.1423449123379,985.3732386704454,970.5871881564448,972.2191162109375,258217,0.0,0.0,ARE&M.NS
2025-07-18 00:00:00+05:30,973.208151413941,979.6863033568059,962.1309733897352,965.740966796875,255336,0.0,0.0,ARE&M.NS
2025-07-21 00:00:00+05:30,967.7685152854425,1010.7914385505593,960.9441653798416,991.9998168945312,1758730,0.0,0.0,ARE&M.NS
2025-07-22 00:00:00+05:30,999.9120677004275,999.9120677004275,980.97206719758,989.3788452148438,491983,0.0,0.0,ARE&M.NS
2025-07-23 00:00:00+05:30,989.3788192098452,1007.824302873912,978.1533224163876,1000.2581787109375,610994,0.0,0.0,ARE&M.NS
2025-07-24 00:00:00+05:30,1007.8243312271904,1021.9180473410152,993.7306151133656,998.8241577148438,873866,0.0,0.0,ARE&M.NS
2025-07-25 00:00:00+05:30,998.9230206603419,999.8131742309987,977.658817745295,983.7908325195312,553083,0.0,0.0,ARE&M.NS
2025-07-28 00:00:00+05:30,983.7908310622619,991.455834427262,957.3836461058182,961.636474609375,557252,0.0,0.0,ARE&M.NS
2025-07-29 00:00:00+05:30,955.009976227403,990.812972987309,952.8835920856334,982.1094970703125,636722,0.0,0.0,ARE&M.NS
2025-07-30 00:00:00+05:30,989.5766271472119,989.9722643620178,963.4167009194655,969.05419921875,247983,0.0,0.0,ARE&M.NS
2025-07-31 00:00:00+05:30,964.3068569794742,964.4057361005512,949.817504161631,953.0318603515625,425557,0.0,0.0,ARE&M.NS
2025-08-01 00:00:00+05:30,959.6943479602171,962.8267287524527,945.6733478374206,948.55712890625,374294,5.2,0.0,ARE&M.NS
2025-08-04 00:00:00+05:30,955.6173085407537,956.6614152095543,944.8281051409967,952.236328125,281483,0.0,0.0,ARE&M.NS
2025-08-05 00:00:00+05:30,953.6285599378327,964.3680560862738,939.8561592358601,946.2202758789062,418082,0.0,0.0,ARE&M.NS
2025-08-06 00:00:00+05:30,948.6068642236613,955.9156720264579,921.6089092014329,925.1887817382812,497377,0.0,0.0,ARE&M.NS
2025-08-07 00:00:00+05:30,924.7412664015139,935.7293620746783,913.2559712798509,932.0003662109375,550739,0.0,0.0,ARE&M.NS
2025-08-08 00:00:00+05:30,936.2265828108448,936.5248903480685,920.4156157117617,929.66357421875,364447,0.0,0.0,ARE&M.NS
2025-08-11 00:00:00+05:30,930.7573822538113,952.0375432621452,922.8021909524967,949.849853515625,464655,0.0,0.0,ARE&M.NS
2025-08-12 00:00:00+05:30,955.5676076525423,955.6173154574564,942.4415304108265,950.0487060546875,290628,0.0,0.0,ARE&M.NS
2025-08-13 00:00:00+05:30,950.0487066360187,954.6229171701427,938.7622430222515,952.5844116210938,302590,0.0,0.0,ARE&M.NS
2025-08-14 00:00:00+05:30,954.4240272944364,957.7552999388968,938.6131216110294,947.2643432617188,797279,0.0,0.0,ARE&M.NS
2025-08-18 00:00:00+05:30,954.6229601827677,958.8491555794101,941.3477589200434,952.136962890625,676339,0.0,0.0,ARE&M.NS
2025-08-19 00:00:00+05:30,958.6502249741429,998.9233794817602,948.7559440120084,984.9520874023438,1743306,0.0,0.0,ARE&M.NS
2025-08-20 00:00:00+05:30,983.559900596696,1004.3428613110428,977.7426914693889,982.6649780273438,807277,0.0,0.0,ARE&M.NS
2025-08-21 00:00:00+05:30,989.8744135605319,998.3765121578791,978.5879494423727,984.7532348632812,573587,0.0,0.0,ARE&M.NS
2025-08-22 00:00:00+05:30,984.7532343940626,991.1174117338957,979.433224470683,982.217529296875,312387,0.0,0.0,ARE&M.NS
2025-08-25 00:00:00+05:30,981.471722604476,990.4213127802008,970.5333346119236,981.0242309570312,430558,0.0,0.0,ARE&M.NS
2025-08-26 00:00:00+05:30,980.477328520822,982.118111005096,963.0256397309406,970.3841552734375,435715,0.0,0.0,ARE&M.NS
2025-08-28 00:00:00+05:30,963.5725526476309,967.2518407871113,955.6670691018013,962.2798461914062,395585,0.0,0.0,ARE&M.NS
2025-08-29 00:00:00+05:30,962.2798085989705,987.6369800464624,961.5837172441067,984.7034912109375,502928,0.0,0.0,ARE&M.NS
2025-09-01 00:00:00+05:30,985.4493167193674,1017.5683892729747,978.4885243711983,1006.0333862304688,1240361,0.0,0.0,ARE&M.NS
2025-09-02 00:00:00+05:30,1010.9556743829315,1028.4073023913418,1006.6797105226817,1012.7952880859375,852567,0.0,0.0,ARE&M.NS
2025-09-03 00:00:00+05:30,1012.2980930315197,1026.6671087640223,995.3933115172408,1015.9276733398438,618711,0.0,0.0,ARE&M.NS
2025-09-04 00:00:00+05:30,1027.910110100213,1028.7056777870173,993.9017157545903,995.9899291992188,419169,0.0,0.0,ARE&M.NS
2025-09-05 00:00:00+05:30,1004.1439839720662,1027.0152190667704,995.4927015163518,1012.5963745117188,439313,0.0,0.0,ARE&M.NS
2025-09-08 00:00:00+05:30,1012.6460581717647,1037.1580144296079,1007.8232479620399,1030.6446533203125,806791,0.0,0.0,ARE&M.NS
2025-09-09 00:00:00+05:30,1034.1748326943082,1036.1636304494896,1014.2868551424947,1016.72314453125,317735,0.0,0.0,ARE&M.NS
2025-09-10 00:00:00+05:30,1024.2308572806871,1032.0866327934575,1016.0767742394057,1028.6558837890625,501713,0.0,0.0,ARE&M.NS
2025-09-11 00:00:00+05:30,1031.0922945577397,1049.0908912584096,1022.4409508689625,1045.809326171875,1090004,0.0,0.0,ARE&M.NS
2025-09-12 00:00:00+05:30,1049.090839372323,1051.4276525097216,1020.2532712758326,1023.6838989257812,528643,0.0,0.0,ARE&M.NS
2025-09-15 00:00:00+05:30,1026.1201898837307,1047.798011818932,1023.2364089630792,1028.75537109375,324375,0.0,0.0,ARE&M.NS
2025-09-16 00:00:00+05:30,1028.8547798858972,1051.9247843251478,1027.8603810499542,1030.9429931640625,596371,0.0,0.0,ARE&M.NS
2025-09-17 00:00:00+05:30,1036.1138601814685,1038.1524264316804,1019.0102480707516,1025.424072265625,453412,0.0,0.0,ARE&M.NS
2025-09-18 00:00:00+05:30,1029.0040701319365,1031.2911148585717,1017.916497690155,1025.175537109375,667394,0.0,0.0,ARE&M.NS
2025-09-19 00:00:00+05:30,1029.103414534691,1033.9262247754425,1007.3260550108423,1013.83935546875,871471,0.0,0.0,ARE&M.NS
2025-09-22 00:00:00+05:30,1009.3646000263328,1017.8169907493539,994.597800511078,998.1776123046875,373878,0.0,0.0,ARE&M.NS
2025-09-23 00:00:00+05:30,997.2826945291828,1021.4962837932286,992.3604077691793,1003.00048828125,678287,0.0,0.0,ARE&M.NS
2025-09-24 00:00:00+05:30,1003.0004869349962,1012.8449997484964,987.4381196838102,997.0838012695312,406969,0.0,0.0,ARE&M.NS
2025-09-25 00:00:00+05:30,991.4157215197508,994.0011344299475,970.5830520432398,976.05224609375,481697,0.0,0.0,ARE&M.NS
2025-09-26 00:00:00+05:30,976.0522021156836,977.8421079492713,962.5781095188252,972.2734985351562,440657,0.0,0.0,ARE&M.NS
2025-09-29 00:00:00+05:30,981.0739079965447,995.4429839111579,972.6215175401004,986.642578125,420368,0.0,0.0,ARE&M.NS
2025-09-30 00:00:00+05:30,986.6426060110211,986.6426060110211,976.1019411985055,983.8085327148438,191039,0.0,0.0,ARE&M.NS
2025-10-01 00:00:00+05:30,983.7091074282642,991.5648829804693,979.4829121221534,987.935302734375,224493,0.0,0.0,ARE&M.NS
2025-10-03 00:00:00+05:30,993.4045158257342,996.9843276414825,984.6041097075981,993.4542236328125,252640,0.0,0.0,ARE&M.NS
2025-10-06 00:00:00+05:30,1003.149578477341,1006.3813748388617,984.8029069940504,1000.1663818359375,374505,0.0,0.0,ARE&M.NS
2025-10-07 00:00:00+05:30,1002.1055080908413,1006.3317034859156,994.398916488059,1001.0614013671875,270406,0.0,0.0,ARE&M.NS
2025-10-08 00:00:00+05:30,1001.3596943121545,1005.3372899201471,989.7749228265588,1000.3652954101562,280009,0.0,0.0,ARE&M.NS
2025-10-09 00:00:00+05:30,1000.3653153184291,1009.9115206902737,986.4437304134013,992.11181640625,446426,0.0,0.0,ARE&M.NS
2025-10-10 00:00:00+05:30,992.1117895959811,1001.3596871800381,987.1895029274904,1000.0172729492188,293575,0.0,0.0,ARE&M.NS
2025-10-13 00:00:00+05:30,997.928978698206,997.928978698206,983.46048720807,991.9625854492188,307526,0.0,0.0,ARE&M.NS
2025-10-14 00:00:00+05:30,994.3492144346424,997.8296106624897,978.4885394862222,994.6475219726562,398331,0.0,0.0,ARE&M.NS
2025-10-15 00:00:00+05:30,993.4044819044716,1000.2658584592062,979.5823131842401,986.3939819335938,341876,0.0,0.0,ARE&M.NS
2025-10-16 00:00:00+05:30,986.4437088258431,997.4815123388155,984.7035107507976,991.0676879882812,170009,0.0,0.0,ARE&M.NS
2025-10-17 00:00:00+05:30,989.4269228038282,993.4045184733914,984.9521276755697,988.9794311523438,252738,0.0,0.0,ARE&M.NS
2025-10-20 00:00:00+05:30,984.653789922344,992.4100891013112,979.6817954879687,981.6705932617188,325300,0.0,0.0,ARE&M.NS
2025-10-21 00:00:00+05:30,989.3771941928902,994.3491886752975,986.5928894214005,991.3162841796875,93133,0.0,0.0,ARE&M.NS
2025-10-23 00:00:00+05:30,991.4654076572006,998.4261999329852,985.4990142779567,992.1614990234375,299911,0.0,0.0,ARE&M.NS
2025-10-24 00:00:00+05:30,989.4268910198535,993.1558868402801,982.4660988217239,991.216796875,229676,0.0,0.0,ARE&M.NS
2025-10-27 00:00:00+05:30,991.2167732448736,998.3764571880675,988.6313604816627,996.3379516601562,308511,0.0,0.0,ARE&M.NS
2025-10-28 00:00:00+05:30,994.3988944548076,1006.9780647469778,993.4044955603529,998.3267822265625,235424,0.0,0.0,ARE&M.NS
2025-10-29 00:00:00+05:30,1009.3148799110849,1009.3148799110849,997.5312772653018,1007.6243896484375,315402,0.0,0.0,ARE&M.NS
2025-10-30 00:00:00+05:30,1008.817684907038,1013.8393872176457,1003.0501834207967,1010.7567749023438,228160,0.0,0.0,ARE&M.NS
2025-10-31 00:00:00+05:30,1012.9444837126752,1017.2700947355529,994.20002766252,999.122314453125,349272,0.0,0.0,ARE&M.NS
2025-11-03 00:00:00+05:30,995.4926819370138,1007.7238365614055,995.4926819370138,1004.541748046875,255541,0.0,0.0,ARE&M.NS
2025-11-04 00:00:00+05:30,1009.3148780424957,1009.3148780424957,982.2672159700877,984.5543212890625,415538,0.0,0.0,ARE&M.NS
2025-11-06 00:00:00+05:30,984.5543464401721,993.6034130283824,970.1355620997988,983.659423828125,368143,0.0,0.0,ARE&M.NS
2025-11-07 00:00:00+05:30,985.1510164693462,988.4325207476567,964.6663624201694,974.6103515625,459196,0.0,0.0,ARE&M.NS
2025-11-10 00:00:00+05:30,975.5053059431527,983.1621894944127,951.6397327090694,958.6005249023438,782576,0.0,0.0,ARE&M.NS
2025-11-11 00:00:00+05:30,959.9927066536846,967.4506982818417,952.7335462476456,955.2195434570312,424091,0.0,0.0,ARE&M.NS
2025-11-12 00:00:00+05:30,960.092133903324,965.9591116659122,953.9268486106515,958.699951171875,601037,0.0,0.0,ARE&M.NS
2025-11-13 00:00:00+05:30,965.0,974.0,962.7000122070312,966.9000244140625,303294,5.4,0.0,ARE&M.NS
2025-11-14 00:00:00+05:30,966.9000244140625,971.9000244140625,961.2000122070312,965.7999877929688,290493,0.0,0.0,ARE&M.NS
2025-11-17 00:00:00+05:30,967.0,969.0999755859375,961.2999877929688,965.0999755859375,258814,0.0,0.0,ARE&M.NS
2025-11-18 00:00:00+05:30,965.5999755859375,968.0,951.0,956.0999755859375,415242,0.0,0.0,ARE&M.NS
2025-11-19 00:00:00+05:30,956.0999755859375,962.4000244140625,950.0,960.0999755859375,178153,0.0,0.0,ARE&M.NS
2025-11-20 00:00:00+05:30,969.0,970.7000122070312,956.7999877929688,968.5999755859375,271446,0.0,0.0,ARE&M.NS
2025-11-21 00:00:00+05:30,968.5999755859375,968.5999755859375,951.0999755859375,953.7999877929688,308858,0.0,0.0,ARE&M.NS
2025-11-24 00:00:00+05:30,955.0,958.5,940.2000122070312,954.4000244140625,310070,0.0,0.0,ARE&M.NS
2025-11-25 00:00:00+05:30,954.4000244140625,954.4000244140625,941.2000122070312,945.5999755859375,218707,0.0,0.0,ARE&M.NS
2025-11-26 00:00:00+05:30,946.0,951.5,941.0,949.7999877929688,146017,0.0,0.0,ARE&M.NS
2025-11-27 00:00:00+05:30,951.9000244140625,957.0,941.9000244140625,945.2999877929688,275475,0.0,0.0,ARE&M.NS
2025-11-28 00:00:00+05:30,945.2999877929688,953.9000244140625,942.0,951.9000244140625,138465,0.0,0.0,ARE&M.NS
2025-12-01 00:00:00+05:30,951.9000244140625,956.9500122070312,949.0,950.4500122070312,151328,0.0,0.0,ARE&M.NS
2025-12-02 00:00:00+05:30,950.4500122070312,954.9000244140625,948.5,950.5999755859375,127859,0.0,0.0,ARE&M.NS
2025-12-03 00:00:00+05:30,950.0,953.6500244140625,945.0,945.6500244140625,192116,0.0,0.0,ARE&M.NS
2025-12-04 00:00:00+05:30,947.3499755859375,949.9000244140625,939.6500244140625,940.2999877929688,137906,0.0,0.0,ARE&M.NS
2025-12-05 00:00:00+05:30,941.9500122070312,947.0,935.0,945.5999755859375,146368,0.0,0.0,ARE&M.NS
2025-12-08 00:00:00+05:30,945.0,948.7000122070312,925.0999755859375,927.7999877929688,283075,0.0,0.0,ARE&M.NS
2025-12-09 00:00:00+05:30,927.7999877929688,942.0,911.1500244140625,938.0,257013,0.0,0.0,ARE&M.NS
2025-12-10 00:00:00+05:30,937.9500122070312,952.0,932.2000122070312,945.1500244140625,251080,0.0,0.0,ARE&M.NS
2025-12-11 00:00:00+05:30,947.9000244140625,947.9000244140625,927.2000122070312,931.25,341192,0.0,0.0,ARE&M.NS
2025-12-12 00:00:00+05:30,932.2000122070312,936.4000244140625,928.0,930.5499877929688,136833,0.0,0.0,ARE&M.NS
2025-12-15 00:00:00+05:30,930.5499877929688,938.0,922.0,935.7000122070312,190094,0.0,0.0,ARE&M.NS
2025-12-16 00:00:00+05:30,935.6500244140625,936.0,920.5,921.6500244140625,189860,0.0,0.0,ARE&M.NS
2025-12-17 00:00:00+05:30,922.0,928.2000122070312,920.7999877929688,925.1500244140625,161202,0.0,0.0,ARE&M.NS
2025-12-18 00:00:00+05:30,922.0,925.5499877929688,912.0499877929688,924.1500244140625,294086,0.0,0.0,ARE&M.NS
2025-12-19 00:00:00+05:30,925.0,932.0,919.0,925.5499877929688,208841,0.0,0.0,ARE&M.NS
2025-12-22 00:00:00+05:30,926.9500122070312,933.8499755859375,925.0,927.4500122070312,120577,0.0,0.0,ARE&M.NS
2025-12-23 00:00:00+05:30,928.9500122070312,938.0,924.75,932.0499877929688,184399,0.0,0.0,ARE&M.NS
2025-12-24 00:00:00+05:30,936.5999755859375,937.2000122070312,923.7999877929688,925.3499755859375,174716,0.0,0.0,ARE&M.NS
2025-12-26 00:00:00+05:30,925.3499755859375,927.5,919.0999755859375,920.4000244140625,150785,0.0,0.0,ARE&M.NS
2025-12-29 00:00:00+05:30,918.0,920.0,903.0,905.7999877929688,327923,0.0,0.0,ARE&M.NS
2025-12-30 00:00:00+05:30,906.0,910.0,892.0999755859375,894.9000244140625,377435,0.0,0.0,ARE&M.NS
2025-12-31 00:00:00+05:30,896.0,913.8499755859375,893.5499877929688,909.5499877929688,197031,0.0,0.0,ARE&M.NS
2026-01-01 00:00:00+05:30,914.0499877929688,931.9000244140625,904.0499877929688,927.7999877929688,342003,0.0,0.0,ARE&M.NS
2026-01-02 00:00:00+05:30,928.0,933.5,920.0,928.2999877929688,256457,0.0,0.0,ARE&M.NS
2026-01-05 00:00:00+05:30,928.25,943.0,921.25,925.8499755859375,422326,0.0,0.0,ARE&M.NS
2026-01-06 00:00:00+05:30,930.0,932.3499755859375,916.5999755859375,919.5,132894,0.0,0.0,ARE&M.NS
2026-01-07 00:00:00+05:30,917.5,923.0,913.6500244140625,919.5,160648,0.0,0.0,ARE&M.NS
2026-01-08 00:00:00+05:30,920.9000244140625,928.0,910.0,914.4500122070312,164741,0.0,0.0,ARE&M.NS
2026-01-09 00:00:00+05:30,911.4500122070312,918.0,895.0,896.7999877929688,278506,0.0,0.0,ARE&M.NS
2026-01-12 00:00:00+05:30,893.0,896.0,876.75,888.6500244140625,343922,0.0,0.0,ARE&M.NS
2026-01-13 00:00:00+05:30,888.6500244140625,895.5999755859375,880.0,881.8499755859375,185045,0.0,0.0,ARE&M.NS
2026-01-14 00:00:00+05:30,880.0,882.4500122070312,865.9000244140625,874.0999755859375,397761,0.0,0.0,ARE&M.NS
2026-01-16 00:00:00+05:30,874.0,884.0,872.0999755859375,879.0499877929688,313810,0.0,0.0,ARE&M.NS
2026-01-19 00:00:00+05:30,879.0,879.0499877929688,861.0999755859375,865.7999877929688,174887,0.0,0.0,ARE&M.NS
2026-01-20 00:00:00+05:30,862.0,864.2000122070312,848.0,854.25,496855,0.0,0.0,ARE&M.NS
2026-01-21 00:00:00+05:30,850.0,858.7000122070312,840.9000244140625,851.5999755859375,422647,0.0,0.0,ARE&M.NS
2026-01-22 00:00:00+05:30,852.9500122070312,859.5999755859375,848.7000122070312,854.6500244140625,476086,0.0,0.0,ARE&M.NS
2026-01-23 00:00:00+05:30,856.7000122070312,859.3499755859375,825.9000244140625,831.2000122070312,263226,0.0,0.0,ARE&M.NS
2026-01-27 00:00:00+05:30,831.2000122070312,837.9500122070312,816.5,828.0499877929688,319138,0.0,0.0,ARE&M.NS
2026-01-28 00:00:00+05:30,830.0,843.8499755859375,827.7000122070312,841.6500244140625,181537,0.0,0.0,ARE&M.NS
2026-01-29 00:00:00+05:30,841.6500244140625,841.6500244140625,816.25,830.1500244140625,445094,0.0,0.0,ARE&M.NS
2026-01-30 00:00:00+05:30,830.0,846.7000122070312,821.3499755859375,839.4000244140625,252479,0.0,0.0,ARE&M.NS
2026-02-02 00:00:00+05:30,827.6500244140625,839.7999877929688,810.0999755859375,816.4000244140625,390265,0.0,0.0,ARE&M.NS
2026-02-03 00:00:00+05:30,845.0,852.9000244140625,831.2000122070312,836.2999877929688,423690,0.0,0.0,ARE&M.NS
2026-02-04 00:00:00+05:30,836.2999877929688,889.9500122070312,832.0,885.7000122070312,665167,0.0,0.0,ARE&M.NS
2026-02-05 00:00:00+05:30,890.1500244140625,894.0,868.2999877929688,875.4000244140625,264979,0.0,0.0,ARE&M.NS
2026-02-06 00:00:00+05:30,876.9000244140625,876.9000244140625,858.0,865.4500122070312,158154,0.0,0.0,ARE&M.NS
2026-02-09 00:00:00+05:30,866.9500122070312,900.0,865.5499877929688,897.25,316890,0.0,0.0,ARE&M.NS
2026-02-10 00:00:00+05:30,899.0,910.0,893.0499877929688,907.3499755859375,349964,0.0,0.0,ARE&M.NS
2026-02-11 00:00:00+05:30,910.0,914.5,900.5,911.7000122070312,302560,0.0,0.0,ARE&M.NS
2026-02-12 00:00:00+05:30,870.2999877929688,884.0,855.0499877929688,861.4500122070312,1065293,0.0,0.0,ARE&M.NS
2026-02-13 00:00:00+05:30,860.0499877929688,860.0499877929688,835.0999755859375,841.5499877929688,377640,0.0,0.0,ARE&M.NS
